,Car,Company,fuel,seller_type,transmission,owner,year,km_driven,mileage,engine_cc,max_power_bhp,seats
0,Ambassador CLASSIC 1500,Ambassador,Diesel,Individual,Manual,Second Owner,2000.0,90000.0,12.8,1489.0,35.5,5.0
1,Ambassador Classic 2000,Ambassador,Diesel,Individual,Manual,Second Owner,1994.0,100000.0,12.8,1995.0,52.0,5.0
2,Ambassador Grand 1500,Ambassador,Diesel,Individual,Manual,Second Owner,2008.0,60000.0,12.8,1995.0,52.0,5.0
3,Ambassador Grand 2000,Ambassador,Diesel,Individual,Manual,Third Owner,2008.0,80000.0,13.5,1995.0,52.0,5.0
4,Ashok Leyland Stile,Ashok,Diesel,Individual,Manual,Second Owner,2013.0,200000.0,20.07,1461.0,75.0,8.0
5,Audi A3 35,Audi,Diesel,Individual,Automatic,First Owner,2017.5,45000.0,20.38,1968.0,143.0,5.0
6,Audi A3 40,Audi,Petrol,Dealer,Automatic,First Owner,2017.0,8000.0,16.6,1798.0,177.5,5.0
7,Audi A4 1.8,Audi,Petrol,Individual,Automatic,Second Owner,2010.0,55000.0,12.3,1781.0,163.2,5.0
8,Audi A4 2,Audi,Diesel,Individual,Automatic,First Owner,2014.0,60000.0,16.55,1968.0,147.51,5.0
9,Audi A4 35,Audi,Diesel,Dealer,Automatic,First Owner,2016.0,33500.0,18.25,1968.0,187.74,5.0
10,Audi A6 2,Audi,Diesel,Dealer,Automatic,Second Owner,2013.0,42500.0,17.68,1968.0,174.33,5.0
11,Audi A6 35,Audi,Petrol,Dealer,Automatic,Test Drive Car,2019.0,11500.0,15.26,1798.0,187.74,5.0
12,Audi Q3 2,Audi,Diesel,Dealer,Automatic,First Owner,2016.5,26000.0,15.73,1968.0,174.33,5.0
13,Audi Q3 35,Audi,Diesel,Dealer,Automatic,First Owner,2018.0,25500.0,15.45,1968.0,177.66500000000002,5.0
14,Audi Q5 2,Audi,Diesel,Individual,Automatic,First Owner,2011.0,120000.0,12.8,1968.0,167.6,5.0
15,Audi Q5 3,Audi,Diesel,Individual,Automatic,First Owner,2014.0,76131.0,13.22,2967.0,241.4,5.0
16,Audi Q5 35TDI,Audi,Diesel,Dealer,Automatic,First Owner,2018.0,31800.0,17.01,1968.0,188.0,5.0
17,Audi Q5 45,Audi,Diesel,Dealer,Automatic,Second Owner,2015.0,105000.0,13.22,2967.0,241.4,5.0
18,Audi Q7 3,Audi,Diesel,Individual,Automatic,First Owner,2010.0,98000.0,12.07,2967.0,241.4,7.0
19,Audi Q7 35,Audi,Diesel,Dealer,Automatic,First Owner,2015.0,53000.0,12.07,2967.0,241.4,7.0
20,BMW 3 Series,BMW,Diesel,Individual,Automatic,First Owner,2013.0,74000.0,18.88,1995.0,184.0,5.0
21,BMW 5 Series,BMW,Diesel,Dealer,Automatic,First Owner,2017.0,29500.0,18.3,1995.0,187.74,5.0
22,BMW 6 Series,BMW,Diesel,Dealer,Automatic,First Owner,2018.0,28156.0,17.09,2993.0,261.4,4.0
23,BMW 7 Series,BMW,Diesel,Individual,Automatic,Second Owner,2008.5,75000.0,14.49,2993.0,258.0,5.0
24,BMW X1 sDrive,BMW,Diesel,Dealer,Automatic,First Owner,2018.0,27000.0,17.05,1995.0,184.0,5.0
25,BMW X1 sDrive20d,BMW,Diesel,Dealer,Automatic,First Owner,2011.0,42545.0,19.62,1998.0,190.0,5.0
26,BMW X1 sDrive20i,BMW,Petrol,Individual,Automatic,Second Owner,2016.0,30000.0,15.71,1998.0,189.0,5.0
27,BMW X3 xDrive20d,BMW,Diesel,Individual,Automatic,First Owner,2012.0,50000.0,16.09,1995.0,184.0,5.0
28,BMW X4 M,BMW,Diesel,Dealer,Automatic,First Owner,2019.0,8000.0,16.78,1995.0,190.0,5.0
29,BMW X5 3.0d,BMW,Diesel,Individual,Automatic,Third Owner,2008.0,60000.0,11.0,2993.0,235.0,5.0
30,BMW X6 xDrive30d,BMW,Diesel,Dealer,Automatic,First Owner,2013.0,56000.0,11.2,2993.0,241.0,4.0
31,BMW X7 xDrive,BMW,Diesel,Individual,Automatic,First Owner,2020.0,5000.0,13.38,2993.0,265.0,7.0
32,Chevrolet Aveo 1.4,Chevrolet,Petrol,Individual,Manual,Second Owner,2011.0,60000.0,14.49,1399.0,92.7,5.0
33,Chevrolet Aveo U-VA,Chevrolet,Petrol,Individual,Manual,Second Owner,2008.0,60000.0,15.26,1150.0,74.9,5.0
34,Chevrolet Beat Diesel,Chevrolet,Diesel,Individual,Manual,First Owner,2013.0,70000.0,25.44,936.0,57.6,5.0
35,Chevrolet Beat LS,Chevrolet,Petrol,Individual,Manual,Second Owner,2012.0,60000.0,18.6,1199.0,79.4,5.0
36,Chevrolet Beat LT,Chevrolet,Petrol,Individual,Manual,First Owner,2012.0,63000.0,18.6,1199.0,79.4,5.0
37,Chevrolet Captiva 2.2,Chevrolet,Diesel,Individual,Automatic,Second Owner,2012.5,57500.0,13.36,2231.0,184.0,7.0
38,Chevrolet Captiva LT,Chevrolet,Diesel,Individual,Manual,Third Owner,2010.0,99500.0,11.5,1991.0,147.9,7.0
39,Chevrolet Cruze LT,Chevrolet,Diesel,Individual,Manual,First Owner,2011.0,40000.0,18.3,1991.0,147.9,5.0
40,Chevrolet Cruze LTZ,Chevrolet,Diesel,Individual,Manual,Second Owner,2011.0,86000.0,18.1,1991.0,147.9,5.0
41,Chevrolet Enjoy 1.3,Chevrolet,Diesel,Individual,Manual,Second Owner,2016.0,80000.0,18.2,1248.0,73.74,7.0
42,Chevrolet Enjoy 1.4,Chevrolet,Petrol,Dealer,Manual,First Owner,2013.0,37000.0,13.7,1399.0,98.79,7.0
43,Chevrolet Enjoy Petrol,Chevrolet,Petrol,Individual,Manual,First Owner,2014.0,80000.0,13.7,1399.0,98.82,7.0
44,Chevrolet Enjoy TCDi,Chevrolet,Diesel,Individual,Manual,First Owner,2013.5,95000.0,18.2,1248.0,73.8,7.0
45,Chevrolet Optra 1.6,Chevrolet,Petrol,Individual,Manual,Second Owner,2006.0,94000.0,17.4,1599.0,104.0,5.0
46,Chevrolet Optra Magnum,Chevrolet,Diesel,Individual,Manual,Second Owner,2011.0,88000.0,16.52,1991.0,123.7,5.0
47,Chevrolet Sail 1.2,Chevrolet,Petrol,Individual,Manual,First Owner,2015.0,37500.0,18.2,1199.0,82.4,5.0
48,Chevrolet Sail 1.3,Chevrolet,Diesel,Dealer,Manual,First Owner,2013.0,56000.0,22.1,1248.0,74.0,5.0
49,Chevrolet Sail Hatchback,Chevrolet,Diesel,Individual,Manual,First Owner,2013.0,65000.0,22.1,1248.0,76.9,5.0
50,Chevrolet Sail LT,Chevrolet,Diesel,Individual,Manual,Second Owner,2014.5,59000.0,22.1,1248.0,74.0,5.0
51,Chevrolet Spark 1,Chevrolet,Petrol,Individual,Manual,First Owner,2010.0,70000.0,18.0,995.0,62.0,5.0
52,Chevrolet Tavera B1-10,Chevrolet,Diesel,Individual,Manual,Second Owner,2009.5,147500.0,14.8,2499.0,80.0,10.0
53,Chevrolet Tavera B2,Chevrolet,Diesel,Individual,Manual,Second Owner,2011.0,250000.0,14.8,2499.0,80.0,7.0
54,Chevrolet Tavera B3,Chevrolet,Diesel,Individual,Manual,First Owner,2005.0,220000.0,14.8,2499.0,80.0,10.0
55,Chevrolet Tavera LS,Chevrolet,Diesel,Individual,Manual,First Owner,2006.0,100000.0,14.8,2499.0,80.0,10.0
56,Chevrolet Tavera Neo,Chevrolet,Diesel,Individual,Manual,First Owner,2014.0,115000.0,13.58,2499.0,72.4,9.0
57,Chevrolet Trailblazer LTZ,Chevrolet,Diesel,Dealer,Automatic,Second Owner,2016.0,46000.0,11.45,2776.0,197.2,7.0
58,Daewoo Matiz SD,Daewoo,Petrol,Individual,Manual,First Owner,2000.5,98500.0,18.5,796.0,53.0,5.0
59,Daewoo Matiz SS,Daewoo,Petrol,Individual,Manual,First Owner,2000.0,46951.0,18.5,796.0,53.0,5.0
60,Datsun GO A,Datsun,Petrol,Individual,Manual,First Owner,2016.0,49000.0,19.02,1198.0,67.05,5.0
61,Datsun GO Anniversary,Datsun,Petrol,Individual,Manual,First Owner,2017.0,30000.0,20.63,1198.0,67.06,5.0
62,Datsun GO D,Datsun,Petrol,Individual,Manual,First Owner,2016.0,42000.0,20.63,1198.0,67.0,5.0
63,Datsun GO Plus,Datsun,Petrol,Individual,Manual,First Owner,2016.5,60000.0,19.58,1198.0,67.0,7.0
64,Datsun GO T,Datsun,Petrol,Individual,Manual,First Owner,2017.0,35000.0,20.63,1198.0,67.0,5.0
65,Datsun RediGO 1,Datsun,Petrol,Individual,Manual,First Owner,2018.0,19500.0,22.5,999.0,67.0,5.0
66,Datsun RediGO A,Datsun,Petrol,Individual,Manual,First Owner,2019.0,2300.0,22.7,799.0,53.64,5.0
67,Datsun RediGO AMT,Datsun,Petrol,Individual,Automatic,First Owner,2018.0,20000.0,23.0,999.0,67.0,5.0
68,Datsun RediGO S,Datsun,Petrol,Individual,Manual,First Owner,2017.5,37500.0,22.7,799.0,53.64,5.0
69,Datsun RediGO SV,Datsun,Petrol,Individual,Manual,First Owner,2019.0,1300.0,22.5,999.0,67.0,5.0
70,Datsun RediGO Sport,Datsun,Petrol,Individual,Manual,First Owner,2017.0,80000.0,22.7,799.0,53.0,5.0
71,Datsun RediGO T,Datsun,Petrol,Individual,Manual,First Owner,2017.0,30000.0,22.7,799.0,53.64,5.0
72,Fiat Avventura MULTIJET,Fiat,Diesel,Individual,Manual,First Owner,2015.0,120000.0,20.5,1248.0,91.72,5.0
73,Fiat Avventura Power,Fiat,Diesel,Individual,Manual,First Owner,2015.0,96500.0,20.5,1248.0,91.72,5.0
74,Fiat Grande Punto,Fiat,Diesel,Individual,Manual,First Owner,2012.5,68500.0,20.3,1248.0,75.0,5.0
75,Fiat Linea 1.3,Fiat,Diesel,Individual,Manual,First Owner,2015.0,48500.0,20.4,1248.0,91.7,5.0
76,Fiat Linea Classic,Fiat,Diesel,Individual,Manual,First Owner,2014.0,163750.0,19.5,1248.0,75.0,5.0
77,Fiat Linea Emotion,Fiat,Diesel,Individual,Manual,Second Owner,2010.0,88500.0,20.4,1248.0,91.7,5.0
78,Fiat Punto 1.2,Fiat,Petrol,Individual,Manual,Second Owner,2009.0,105000.0,15.7,1172.0,67.0,5.0
79,Fiat Punto EVO,Fiat,Diesel,Individual,Manual,Second Owner,2016.0,60000.0,20.5,1248.0,91.7,5.0
80,Fiat Punto Pure,Fiat,Petrol,Individual,Manual,First Owner,2016.0,33003.0,15.7,1172.0,67.0,5.0
81,Force Gurkha Hard,Force,Diesel,Dealer,Manual,First Owner,2018.0,20000.0,17.0,2596.0,80.8,5.0
82,Force One EX,Force,Diesel,Individual,Manual,Second Owner,2018.0,120000.0,17.0,2650.0,80.84,7.0
83,Force One SX,Force,Diesel,Individual,Manual,First Owner,2018.0,13000.0,17.0,2200.0,139.01,7.0
84,Ford Aspire Titanium,Ford,Petrol,Dealer,Manual,First Owner,2019.0,26500.0,19.4,1194.0,94.93,5.0
85,Ford Aspire Trend,Ford,Petrol,Individual,Manual,First Owner,2018.0,15000.0,20.4,1194.0,94.93,5.0
86,Ford Classic 1.4,Ford,Diesel,Individual,Manual,Second Owner,2014.0,95000.0,19.68,1399.0,67.0,5.0
87,Ford Classic 1.6,Ford,Petrol,Individual,Manual,Second Owner,2013.0,100000.0,14.09,1596.0,99.6,5.0
88,Ford EcoSport 1.5,Ford,Diesel,Individual,Manual,First Owner,2017.0,44772.0,22.77,1498.0,98.96,5.0
89,Ford EcoSport S,Ford,Diesel,Individual,Manual,First Owner,2019.0,20000.0,23.0,1498.0,98.96,5.0
90,Ford Ecosport 1,Ford,Petrol,Dealer,Manual,Second Owner,2013.5,46056.5,18.88,999.0,123.37,5.0
91,Ford Ecosport 1.5,Ford,Diesel,Dealer,Manual,First Owner,2015.5,68609.0,21.7,1498.0,98.96,5.0
92,Ford Ecosport Sports,Ford,Diesel,Dealer,Manual,Second Owner,2013.0,48000.0,21.7,1498.0,98.96,5.0
93,Ford Endeavour 2.2,Ford,Diesel,Individual,Automatic,First Owner,2016.0,57500.0,12.62,2198.0,158.0,7.0
94,Ford Endeavour 2.5L,Ford,Diesel,Individual,Manual,First Owner,2011.5,80707.5,13.1,2499.0,141.0,7.0
95,Ford Endeavour 3.0L,Ford,Diesel,Individual,Automatic,First Owner,2012.0,93468.0,11.4,2953.0,153.86,7.0
96,Ford Endeavour 3.2,Ford,Diesel,Individual,Automatic,First Owner,2018.0,35000.0,10.91,3198.0,197.0,7.0
97,Ford Endeavour 4x2,Ford,Diesel,Individual,Manual,Third Owner,2009.0,70000.0,10.9,2499.0,143.0,7.0
98,Ford Endeavour Hurricane,Ford,Diesel,Individual,Automatic,Third Owner,2013.0,110000.0,12.8,2953.0,156.0,7.0
99,Ford Fiesta 1.4,Ford,Diesel,Individual,Manual,Second Owner,2008.0,114321.0,17.8,1399.0,68.0,5.0
100,Ford Fiesta 1.5,Ford,Diesel,Individual,Manual,First Owner,2014.0,80000.0,25.01,1498.0,89.75,5.0
101,Ford Fiesta 1.6,Ford,Petrol,Individual,Manual,First Owner,2009.5,53500.0,15.3,1596.0,101.0,5.0
102,Ford Fiesta Classic,Ford,Diesel,Individual,Manual,Second Owner,2012.0,90165.0,17.8,1399.0,67.0,5.0
103,Ford Fiesta Diesel,Ford,Diesel,Individual,Manual,Second Owner,2012.0,90000.0,23.5,1498.0,88.7,5.0
104,Ford Fiesta EXi,Ford,Diesel,Individual,Manual,Second Owner,2011.0,115000.0,17.8,1399.0,68.0,5.0
105,Ford Fiesta Titanium,Ford,Diesel,Individual,Manual,Second Owner,2013.0,60000.0,23.5,1498.0,90.0,5.0
106,Ford Figo 1.2P,Ford,Petrol,Individual,Manual,First Owner,2017.0,42000.0,18.16,1196.0,86.8,5.0
107,Ford Figo 1.5,Ford,Diesel,Dealer,Manual,First Owner,2017.0,43235.0,24.29,1498.0,99.0,5.0
108,Ford Figo 1.5D,Ford,Diesel,Individual,Manual,First Owner,2016.0,79000.0,25.83,1498.0,99.0,5.0
109,Ford Figo 1.5P,Ford,Petrol,Individual,Automatic,First Owner,2015.0,40000.0,17.01,1499.0,110.4,5.0
110,Ford Figo Aspire,Ford,Diesel,Individual,Manual,First Owner,2017.0,35000.0,25.83,1498.0,99.0,5.0
111,Ford Figo Diesel,Ford,Diesel,Individual,Manual,First Owner,2011.0,90000.0,20.0,1399.0,68.0,5.0
112,Ford Figo Petrol,Ford,Petrol,Individual,Manual,Second Owner,2010.0,50000.0,15.6,1196.0,70.0,5.0
113,Ford Figo Titanium,Ford,Diesel,Dealer,Manual,First Owner,2013.0,86017.0,24.4,1498.0,98.96,5.0
114,Ford Freestyle Titanium,Ford,Petrol,Individual,Manual,First Owner,2018.0,19100.0,19.0,1194.0,94.68,5.0
115,Ford Freestyle Trend,Ford,Diesel,Individual,Manual,First Owner,2018.0,20706.0,23.8,1498.0,98.63,5.0
116,Ford Fusion 1.4,Ford,Diesel,Individual,Manual,Fourth & Above Owner,2009.0,105000.0,17.7,1399.0,68.0,5.0
117,Ford Fusion Plus,Ford,Diesel,Individual,Manual,Second Owner,2008.0,110000.0,17.7,1399.0,68.0,5.0
118,Ford Ikon 1.3,Ford,Petrol,Individual,Manual,Second Owner,2005.0,83000.0,13.8,1299.0,70.0,5.0
119,Ford Ikon 1.4,Ford,Diesel,Individual,Manual,Second Owner,2009.0,127500.0,13.8,1399.0,68.0,5.0
120,Ford Ikon 1.6,Ford,Petrol,Individual,Manual,Third Owner,2003.5,55000.0,14.2,1597.0,92.0,5.0
121,Honda Accord 2.4,Honda,Petrol,Individual,Automatic,Second Owner,2011.0,87000.0,12.25,2354.0,177.6,5.0
122,Honda Accord V6,Honda,Petrol,Individual,Automatic,Second Owner,2004.5,90000.0,9.0,2997.0,218.0,5.0
123,Honda Accord VTi-L,Honda,Petrol,Individual,Manual,Third Owner,2006.0,60000.0,11.9,2354.0,144.0,5.0
124,Honda Amaze Anniversary,Honda,Diesel,Individual,Manual,First Owner,2015.0,82000.0,25.8,1498.0,98.6,5.0
125,Honda Amaze E,Honda,Diesel,Individual,Manual,First Owner,2016.0,60000.0,25.8,1498.0,98.6,5.0
126,Honda Amaze EX,Honda,Petrol,Individual,Manual,Second Owner,2013.0,120000.0,18.0,1198.0,86.7,5.0
127,Honda Amaze S,Honda,Diesel,Individual,Manual,First Owner,2015.5,46500.0,24.7,1498.0,98.6,5.0
128,Honda Amaze SX,Honda,Diesel,Individual,Manual,First Owner,2016.5,42500.0,25.8,1498.0,98.6,5.0
129,Honda Amaze V,Honda,Petrol,Trustmark Dealer,Automatic,First Owner,2019.0,7032.0,19.0,1199.0,88.76,5.0
130,Honda Amaze VX,Honda,Diesel,Individual,Manual,First Owner,2015.0,67500.0,25.8,1498.0,98.6,5.0
131,Honda Amaze i-VTEC,Honda,Petrol,Individual,Manual,First Owner,2017.0,40000.0,17.8,1198.0,86.7,5.0
132,Honda BR-V i-DTEC,Honda,Diesel,Individual,Manual,First Owner,2016.5,58000.0,21.9,1498.0,98.6,7.0
133,Honda BR-V i-VTEC,Honda,Petrol,Dealer,Manual,First Owner,2017.0,43000.0,15.4,1497.0,117.3,7.0
134,Honda BRV i-DTEC,Honda,Diesel,Individual,Manual,First Owner,2016.5,58950.0,21.9,1498.0,98.6,7.0
135,Honda BRV i-VTEC,Honda,Petrol,Individual,Automatic,First Owner,2017.0,22500.0,15.4,1497.0,117.3,7.0
136,Honda Brio 1.2,Honda,Petrol,Dealer,Manual,First Owner,2016.0,40000.0,18.5,1198.0,86.8,5.0
137,Honda Brio E,Honda,Petrol,Individual,Manual,First Owner,2012.0,110000.0,19.4,1198.0,86.8,5.0
138,Honda Brio Exclusive,Honda,Petrol,Dealer,Manual,First Owner,2014.0,33033.0,19.4,1198.0,86.8,5.0
139,Honda Brio S,Honda,Petrol,Individual,Manual,First Owner,2014.0,60000.0,19.4,1198.0,86.8,5.0
140,Honda Brio V,Honda,Petrol,Individual,Manual,Second Owner,2012.0,50000.0,19.4,1198.0,86.8,5.0
141,Honda CR-V 2.0L,Honda,Petrol,Individual,Automatic,Third Owner,2011.0,137000.0,13.399999999999999,1997.0,147.48000000000002,5.0
142,Honda CR-V 2.4,Honda,Petrol,Individual,Automatic,Second Owner,2005.5,95000.0,10.1,2354.0,152.0,5.0
143,Honda CR-V 2.4L,Honda,Petrol,Dealer,Automatic,First Owner,2014.5,65500.0,11.55,2354.0,173.10000000000002,5.0
144,Honda City 1.3,Honda,Petrol,Individual,Manual,Second Owner,2004.0,120000.0,13.0,1343.0,90.0,5.0
145,Honda City 1.5,Honda,Petrol,Individual,Manual,Second Owner,2010.0,90500.0,17.0,1497.0,118.0,5.0
146,Honda City 2017-2020,Honda,Petrol,Individual,Manual,Second Owner,2007.0,110000.0,17.7,1497.0,78.0,5.0
147,Honda City Corporate,Honda,Petrol,Individual,Manual,Second Owner,2012.0,100000.0,16.8,1497.0,116.3,5.0
148,Honda City E,Honda,Petrol,Individual,Manual,Second Owner,2012.0,40000.0,16.8,1497.0,116.3,5.0
149,Honda City S,Honda,Petrol,Individual,Manual,Third Owner,2011.0,110000.0,16.8,1497.0,116.4,5.0
150,Honda City V,Honda,Petrol,Individual,Manual,First Owner,2012.5,79500.0,16.8,1497.0,116.3,5.0
151,Honda City VX,Honda,Petrol,Individual,Automatic,First Owner,2019.0,20000.0,17.4,1497.0,117.6,5.0
152,Honda City ZXi,Honda,Petrol,Individual,Automatic,Second Owner,2005.0,100000.0,12.0,1493.0,100.0,5.0
153,Honda City i,Honda,Diesel,Individual,Manual,First Owner,2015.0,60000.0,25.1,1498.0,98.6,5.0
154,Honda City i-DTEC,Honda,Diesel,Individual,Manual,First Owner,2017.0,50000.0,25.6,1498.0,97.9,5.0
155,Honda City i-VTEC,Honda,Petrol,Individual,Automatic,First Owner,2017.0,15100.0,17.7,1497.0,117.6,5.0
156,Honda Civic 1.8,Honda,Petrol,Individual,Manual,Third Owner,2008.0,90000.0,13.5,1799.0,130.0,5.0
157,Honda Civic Hybrid,Honda,Petrol,Individual,Automatic,Third Owner,2008.0,60000.0,20.0,1339.0,108.5,5.0
158,Honda Civic ZX,Honda,Diesel,Dealer,Manual,First Owner,2020.0,5500.0,26.8,1597.0,118.0,5.0
159,Honda Jazz 1.2,Honda,Petrol,Individual,Manual,First Owner,2016.0,30000.0,18.7,1199.0,88.7,5.0
160,Honda Jazz 1.5,Honda,Diesel,Individual,Manual,First Owner,2016.0,50000.0,27.3,1498.0,98.6,5.0
161,Honda Jazz Basic,Honda,Petrol,Dealer,Manual,First Owner,2011.0,42535.0,16.7,1198.0,88.8,5.0
162,Honda Jazz Select,Honda,Petrol,Individual,Manual,Second Owner,2011.0,80000.0,16.0,1198.0,90.0,5.0
163,Honda Jazz V,Honda,Petrol,Individual,Automatic,First Owner,2017.0,20000.0,18.2,1199.0,88.7,5.0
164,Honda Jazz VX,Honda,Petrol,Trustmark Dealer,Manual,First Owner,2016.0,56494.0,18.2,1199.0,88.7,5.0
165,Honda Mobilio RS,Honda,Diesel,Individual,Manual,Second Owner,2015.0,93500.0,24.5,1498.0,98.6,7.0
166,Honda Mobilio S,Honda,Diesel,Individual,Manual,Second Owner,2016.0,100000.0,24.2,1498.0,98.6,7.0
167,Honda Mobilio V,Honda,Petrol,Individual,Manual,First Owner,2014.5,37500.0,20.75,1497.5,107.94999999999999,7.0
168,Honda WR-V i-DTEC,Honda,Diesel,Individual,Manual,First Owner,2017.0,50000.0,25.5,1498.0,98.6,5.0
169,Honda WR-V i-VTEC,Honda,Petrol,Individual,Manual,First Owner,2017.0,30000.0,17.5,1199.0,88.7,5.0
170,Hyundai Accent CRDi,Hyundai,Diesel,Individual,Manual,Second Owner,2005.0,90000.0,13.1,1493.0,82.0,5.0
171,Hyundai Accent DLS,Hyundai,Diesel,Individual,Manual,Second Owner,2003.0,200000.0,13.1,1493.0,82.0,5.0
172,Hyundai Accent Executive,Hyundai,Petrol,Individual,Manual,First Owner,2011.0,75000.0,16.36,1495.0,93.7,5.0
173,Hyundai Accent GLE,Hyundai,Petrol,Individual,Manual,Second Owner,2007.0,95200.0,13.2,1495.0,94.0,5.0
174,Hyundai Accent GLS,Hyundai,Petrol,Individual,Manual,Second Owner,2004.0,115000.0,14.4,1599.0,94.0,5.0
175,Hyundai Accent GLX,Hyundai,Petrol,Individual,Manual,Second Owner,2003.0,90000.0,13.2,1495.0,94.0,5.0
176,Hyundai Accent VIVA,Hyundai,Diesel,Individual,Manual,Third Owner,2003.5,140000.0,13.1,1493.0,82.0,5.0
177,Hyundai Creta 1.4,Hyundai,Diesel,Individual,Manual,First Owner,2017.0,45000.0,21.38,1396.0,88.7,5.0
178,Hyundai Creta 1.6,Hyundai,Diesel,Individual,Manual,First Owner,2016.0,50000.0,19.67,1582.0,126.2,5.0
179,Hyundai EON 1,Hyundai,Petrol,Individual,Manual,First Owner,2017.0,35000.0,20.3,998.0,68.05,5.0
180,Hyundai EON D,Hyundai,Petrol,Individual,Manual,First Owner,2014.0,40000.0,21.1,814.0,55.2,5.0
181,Hyundai EON Era,Hyundai,Petrol,Individual,Manual,First Owner,2014.0,50000.0,21.1,814.0,55.2,5.0
182,Hyundai EON LPG,Hyundai,LPG,Individual,Manual,First Owner,2012.0,120000.0,21.1,814.0,55.2,5.0
183,Hyundai EON Magna,Hyundai,Petrol,Individual,Manual,First Owner,2014.0,49500.0,21.1,814.0,55.2,5.0
184,Hyundai EON Sportz,Hyundai,Petrol,Individual,Manual,First Owner,2016.0,35000.0,21.1,814.0,55.2,5.0
185,Hyundai Elantra CRDi,Hyundai,Diesel,Individual,Manual,First Owner,2013.0,120000.0,22.7,1582.0,126.2,5.0
186,Hyundai Elantra GLS,Hyundai,Petrol,Individual,Automatic,First Owner,2006.0,120000.0,13.1,1795.0,127.0,5.0
187,Hyundai Elantra GT,Hyundai,Petrol,Individual,Manual,Third Owner,2006.0,25000.0,13.0,1795.0,127.0,5.0
188,Hyundai Elantra S,Hyundai,Petrol,Dealer,Manual,First Owner,2016.0,49900.0,16.3,1797.0,147.5,5.0
189,Hyundai Elantra SX,Hyundai,Petrol,Individual,Manual,First Owner,2013.0,79000.0,16.3,1797.0,147.5,5.0
190,Hyundai Elite i20,Hyundai,Petrol,Individual,Manual,First Owner,2019.0,19500.0,18.6,1197.0,81.86,5.0
191,Hyundai Getz 1.1,Hyundai,Petrol,Individual,Manual,Third Owner,2007.5,65000.0,15.0,1086.0,66.6,5.0
192,Hyundai Getz 1.3,Hyundai,Petrol,Individual,Manual,Second Owner,2008.0,120000.0,14.2,1341.0,82.9,5.0
193,Hyundai Getz 1.5,Hyundai,Diesel,Individual,Manual,Second Owner,2008.5,85500.0,17.1,1493.0,110.0,5.0
194,Hyundai Getz GLE,Hyundai,Petrol,Individual,Manual,Third Owner,2006.0,100000.0,15.3,1341.0,83.0,5.0
195,Hyundai Getz GLS,Hyundai,Petrol,Individual,Manual,First Owner,2005.0,85500.0,15.3,1341.0,83.0,5.0
196,Hyundai Getz GLX,Hyundai,Petrol,Individual,Manual,Second Owner,2006.0,115000.0,15.3,1341.0,83.0,5.0
197,Hyundai Grand i10,Hyundai,Petrol,Individual,Manual,First Owner,2017.0,47814.5,18.9,1197.0,81.86,5.0
198,Hyundai Santa Fe,Hyundai,Diesel,Individual,Automatic,Second Owner,2014.0,80000.0,13.01,2199.0,194.3,7.0
199,Hyundai Santro Asta,Hyundai,Petrol,Dealer,Manual,First Owner,2018.0,16000.0,20.3,1086.0,68.0,5.0
200,Hyundai Santro Era,Hyundai,Petrol,Individual,Manual,First Owner,2019.0,17500.0,20.3,1086.0,68.0,5.0
201,Hyundai Santro Magna,Hyundai,Petrol,Individual,Manual,First Owner,2019.0,5000.0,20.3,1086.0,68.0,5.0
202,Hyundai Santro Sportz,Hyundai,Petrol,Individual,Manual,First Owner,2019.0,10000.0,20.3,1086.0,68.0,5.0
203,Hyundai Santro Xing,Hyundai,Petrol,Individual,Manual,Second Owner,2010.0,80000.0,17.92,1086.0,62.1,5.0
204,Hyundai Sonata 2.0L,Hyundai,Diesel,Individual,Manual,First Owner,2009.0,180000.0,13.6,1991.0,142.0,5.0
205,Hyundai Sonata 2.4,Hyundai,Petrol,Individual,Manual,Second Owner,2012.0,330000.0,13.44,2359.0,198.25,5.0
206,Hyundai Sonata 2.4L,Hyundai,Petrol,Individual,Automatic,First Owner,2008.0,50000.0,11.0,2359.0,165.0,5.0
207,Hyundai Sonata CRDi,Hyundai,Diesel,Individual,Manual,Second Owner,2010.0,120000.0,11.8,1991.0,150.0,5.0
208,Hyundai Tucson 2,Hyundai,Diesel,Dealer,Automatic,Second Owner,2016.0,45000.0,16.38,1995.0,183.0,5.0
209,Hyundai Tucson CRDi,Hyundai,Diesel,Individual,Manual,Fourth & Above Owner,2006.0,128000.0,12.6,1991.0,112.0,7.0
210,Hyundai Venue SX,Hyundai,Petrol,Dealer,Automatic,First Owner,2019.0,3500.0,18.15,998.0,118.35,5.0
211,Hyundai Verna 1.4,Hyundai,Diesel,Individual,Manual,First Owner,2015.0,50000.0,24.8,1396.0,88.7,5.0
212,Hyundai Verna 1.6,Hyundai,Diesel,Individual,Manual,First Owner,2013.0,80000.0,22.32,1582.0,126.32,5.0
213,Hyundai Verna CRDi,Hyundai,Diesel,Individual,Manual,Second Owner,2008.5,105000.0,18.1,1493.0,110.0,5.0
214,Hyundai Verna S,Hyundai,Petrol,Dealer,Manual,First Owner,2012.0,60000.0,17.7,1497.0,113.42,5.0
215,Hyundai Verna SX,Hyundai,Petrol,Dealer,Manual,First Owner,2012.5,70000.0,18.39,1497.0,113.42,5.0
216,Hyundai Verna Transform,Hyundai,Diesel,Individual,Manual,Second Owner,2010.0,90000.0,16.2,1493.0,110.0,5.0
217,Hyundai Verna VTVT,Hyundai,Petrol,Individual,Manual,First Owner,2018.0,17500.0,17.0,1591.0,121.3,5.0
218,Hyundai Verna XXi,Hyundai,Petrol,Individual,Manual,Second Owner,2009.0,214000.0,13.9,1599.0,103.2,5.0
219,Hyundai Verna Xi,Hyundai,Petrol,Individual,Manual,Fourth & Above Owner,2008.0,108000.0,13.9,1599.0,103.2,5.0
220,Hyundai Xcent 1.1,Hyundai,Diesel,Individual,Manual,First Owner,2015.0,72000.0,24.4,1120.0,71.0,5.0
221,Hyundai Xcent 1.2,Hyundai,Petrol,Individual,Manual,First Owner,2017.0,40000.0,20.14,1197.0,81.86,5.0
222,Hyundai i10 Asta,Hyundai,Petrol,Individual,Manual,Second Owner,2008.0,70000.0,20.36,1197.0,78.9,5.0
223,Hyundai i10 Era,Hyundai,Petrol,Individual,Manual,Second Owner,2010.0,70000.0,19.81,1086.0,68.05,5.0
224,Hyundai i10 LPG,Hyundai,LPG,Individual,Manual,Third Owner,2012.0,97000.0,19.0,1086.0,68.1,5.0
225,Hyundai i10 Magna,Hyundai,Petrol,Individual,Manual,First Owner,2011.0,67000.0,20.36,1197.0,78.9,5.0
226,Hyundai i10 Sportz,Hyundai,Petrol,Individual,Manual,First Owner,2011.0,60000.0,20.36,1197.0,78.9,5.0
227,Hyundai i20 1.2,Hyundai,Petrol,Individual,Manual,First Owner,2017.0,30000.0,18.6,1197.0,81.83,5.0
228,Hyundai i20 1.4,Hyundai,Diesel,Individual,Manual,First Owner,2012.0,80000.0,22.54,1396.0,90.0,5.0
229,Hyundai i20 2015-2017,Hyundai,Diesel,Individual,Manual,First Owner,2017.0,40000.0,22.54,1396.0,88.73,5.0
230,Hyundai i20 Active,Hyundai,Diesel,Individual,Manual,First Owner,2016.0,50000.0,21.19,1396.0,88.73,5.0
231,Hyundai i20 Asta,Hyundai,Diesel,Individual,Manual,First Owner,2015.0,70000.0,21.27,1396.0,88.73,5.0
232,Hyundai i20 Diesel,Hyundai,Diesel,Dealer,Manual,First Owner,2014.0,76000.0,22.54,1396.0,88.73,5.0
233,Hyundai i20 Era,Hyundai,Diesel,Individual,Manual,First Owner,2015.0,45900.0,22.54,1396.0,88.73,5.0
234,Hyundai i20 Magna,Hyundai,Petrol,Individual,Manual,First Owner,2013.0,50000.0,18.6,1197.0,82.85,5.0
235,Hyundai i20 Petrol,Hyundai,Petrol,Individual,Automatic,First Owner,2018.0,20000.0,17.4,1197.0,81.86,5.0
236,Hyundai i20 Sportz,Hyundai,Diesel,Individual,Manual,First Owner,2014.0,70000.0,21.9,1396.0,88.73,5.0
237,Isuzu D-Max V-Cross,Isuzu,Diesel,Individual,Automatic,First Owner,2018.0,43400.0,12.4,2249.0,140.95,5.0
238,Isuzu MU 7,Isuzu,Diesel,Dealer,Automatic,First Owner,2016.0,121000.0,12.08,2999.0,161.0,7.0
239,Isuzu MUX 2WD,Isuzu,Diesel,Individual,Automatic,First Owner,2019.0,10000.0,13.8,2999.0,174.57,7.0
240,Jaguar XE 2016-2019,Jaguar,Diesel,Dealer,Automatic,First Owner,2017.0,9000.0,13.6,1999.0,177.0,5.0
241,Jaguar XF 2,Jaguar,Diesel,Dealer,Automatic,First Owner,2017.0,45000.0,19.33,1999.0,177.0,5.0
242,Jaguar XF 2.2,Jaguar,Diesel,Individual,Automatic,First Owner,2013.0,60000.0,16.36,2179.0,187.7,5.0
243,Jaguar XF 3,Jaguar,Diesel,Individual,Automatic,First Owner,2014.0,51000.0,14.74,2993.0,270.9,5.0
244,Jaguar XF Diesel,Jaguar,Diesel,Dealer,Automatic,First Owner,2015.0,13500.0,14.74,2993.0,270.9,5.0
245,Jeep Compass 1.4,Jeep,Petrol,Individual,Automatic,First Owner,2019.0,10000.0,16.0,1368.0,160.0,5.0
246,Jeep Compass 2,Jeep,Diesel,Individual,Manual,First Owner,2017.0,47500.0,17.1,1956.0,170.0,5.0
247,Jeep Wrangler 2016-2019,Jeep,Petrol,Individual,Automatic,First Owner,2017.0,17000.0,9.5,3604.0,280.0,5.0
248,Kia Seltos HTE,Kia,Diesel,Individual,Manual,First Owner,2019.0,10000.0,20.8,1493.0,113.4,5.0
249,Kia Seltos HTX,Kia,Diesel,Dealer,Automatic,First Owner,2020.0,5000.0,17.8,1493.0,113.4,5.0
250,Land Rover Discovery,Land,Diesel,Dealer,Automatic,First Owner,2019.0,21000.0,12.83,1999.0,148.31,7.0
251,Land Rover Range,Land,Diesel,Individual,Automatic,Third Owner,2013.0,77500.0,12.7,2179.0,187.7,5.0
252,Lexus ES 300h,Lexus,Petrol,Dealer,Automatic,First Owner,2019.0,20000.0,22.37,2487.0,214.56,5.0
253,MG Hector Sharp,MG,Petrol,Dealer,Automatic,First Owner,2019.5,10300.0,13.96,1451.0,141.0,5.0
254,MG Hector Smart,MG,Petrol,Dealer,Automatic,First Owner,2019.0,16500.0,13.96,1451.0,141.0,5.0
255,Mahindra Bolero 2011-2019,Mahindra,Diesel,Individual,Manual,First Owner,2014.0,80000.0,15.96,2523.0,62.1,7.0
256,Mahindra Bolero B2,Mahindra,Diesel,Dealer,Manual,First Owner,2018.0,74250.0,21.0,1498.0,74.96,7.0
257,Mahindra Bolero B4,Mahindra,Diesel,Dealer,Manual,First Owner,2015.0,40200.0,21.0,1498.0,74.96,7.0
258,Mahindra Bolero DI,Mahindra,Diesel,Individual,Manual,Second Owner,2008.0,120000.0,13.6,2523.0,63.0,7.0
259,Mahindra Bolero LX,Mahindra,Diesel,Individual,Manual,First Owner,2010.0,78000.0,13.6,2523.0,63.0,7.0
260,Mahindra Bolero PLUS,Mahindra,Diesel,Individual,Manual,Third Owner,2009.5,132500.0,13.6,2523.0,63.0,7.0
261,Mahindra Bolero Power,Mahindra,Diesel,Individual,Manual,First Owner,2017.0,80000.0,16.5,1493.0,70.0,7.0
262,Mahindra Bolero SLE,Mahindra,Diesel,Individual,Manual,Second Owner,2010.0,120000.0,13.6,2523.0,63.0,7.0
263,Mahindra Bolero SLX,Mahindra,Diesel,Individual,Manual,Second Owner,2010.0,110000.0,13.6,2523.0,63.0,7.0
264,Mahindra Bolero VLX,Mahindra,Diesel,Individual,Manual,Second Owner,2011.0,100000.0,13.6,2523.0,63.0,7.0
265,Mahindra Bolero XL,Mahindra,Diesel,Individual,Manual,Third Owner,2007.0,120000.0,13.6,2523.0,63.0,7.0
266,Mahindra Bolero ZLX,Mahindra,Diesel,Individual,Manual,Second Owner,2003.0,132478.0,13.6,2523.0,63.0,7.0
267,Mahindra KUV 100,Mahindra,Petrol,Individual,Manual,First Owner,2017.0,40000.0,18.15,1198.0,82.0,6.0
268,Mahindra Logan Diesel,Mahindra,Diesel,Individual,Manual,Third Owner,2011.0,147500.0,19.2,1461.0,65.0,5.0
269,Mahindra Logan Petrol,Mahindra,Petrol,Individual,Manual,First Owner,2010.0,120000.0,15.7,1390.0,75.0,5.0
270,Mahindra Marazzo M2,Mahindra,Diesel,Dealer,Manual,First Owner,2019.0,23000.0,17.3,1497.0,121.0,7.0
271,Mahindra Marazzo M6,Mahindra,Diesel,Individual,Manual,First Owner,2018.0,40000.0,17.3,1497.0,121.0,8.0
272,Mahindra Marazzo M8,Mahindra,Diesel,Individual,Manual,First Owner,2019.0,5000.0,17.3,1497.0,121.0,7.0
273,Mahindra NuvoSport N8,Mahindra,Diesel,Individual,Automatic,First Owner,2016.0,80000.0,17.45,1493.0,100.0,7.0
274,Mahindra Quanto C2,Mahindra,Diesel,Individual,Manual,First Owner,2013.0,52000.0,17.21,1493.0,100.0,7.0
275,Mahindra Quanto C4,Mahindra,Diesel,Individual,Manual,Second Owner,2014.5,70000.0,17.21,1493.0,100.0,7.0
276,Mahindra Quanto C6,Mahindra,Diesel,Individual,Manual,First Owner,2013.0,70000.0,17.21,1493.0,100.0,7.0
277,Mahindra Quanto C8,Mahindra,Diesel,Individual,Manual,Second Owner,2012.5,165000.0,17.21,1493.0,100.0,7.0
278,Mahindra Renault Logan,Mahindra,Diesel,Individual,Manual,Second Owner,2008.0,120000.0,19.2,1461.0,65.0,5.0
279,Mahindra Scorpio 1.99,Mahindra,Diesel,Individual,Manual,First Owner,2015.0,70000.0,15.4,1997.0,120.0,7.0
280,Mahindra Scorpio 2.6,Mahindra,Diesel,Individual,Manual,Second Owner,2006.0,110000.0,10.5,2179.0,120.0,8.0
281,Mahindra Scorpio 2006-2009,Mahindra,Diesel,Individual,Manual,First Owner,2008.0,120000.0,10.5,2609.0,120.0,9.0
282,Mahindra Scorpio 2009-2014,Mahindra,Diesel,Individual,Manual,First Owner,2014.0,126000.0,12.05,2179.0,120.0,7.0
283,Mahindra Scorpio EX,Mahindra,Diesel,Individual,Manual,First Owner,2013.0,100000.0,14.0,2523.0,75.0,8.0
284,Mahindra Scorpio Gateway,Mahindra,Diesel,Individual,Manual,Second Owner,2013.0,120000.0,13.5,2609.0,115.0,5.0
285,Mahindra Scorpio Getaway,Mahindra,Diesel,Individual,Manual,First Owner,2016.0,120000.0,11.0,2179.0,120.0,5.0
286,Mahindra Scorpio Intelli,Mahindra,Diesel,Individual,Manual,First Owner,2017.0,46000.0,15.4,2179.0,120.0,7.0
287,Mahindra Scorpio LX,Mahindra,Diesel,Individual,Manual,First Owner,2012.0,120000.0,12.05,2179.0,120.0,9.0
288,Mahindra Scorpio M2DI,Mahindra,Diesel,Individual,Manual,Second Owner,2011.0,120000.0,13.5,2179.0,115.0,5.0
289,Mahindra Scorpio S10,Mahindra,Diesel,Individual,Manual,First Owner,2015.0,75262.0,15.4,2179.0,120.0,7.0
290,Mahindra Scorpio S11,Mahindra,Diesel,Individual,Manual,First Owner,2018.0,50000.0,16.36,2179.0,140.0,7.0
291,Mahindra Scorpio S2,Mahindra,Diesel,Individual,Manual,First Owner,2015.0,100000.0,15.4,2523.0,75.0,7.0
292,Mahindra Scorpio S3,Mahindra,Diesel,Individual,Manual,First Owner,2018.0,47500.0,15.4,2523.0,75.0,7.0
293,Mahindra Scorpio S4,Mahindra,Diesel,Individual,Manual,First Owner,2015.5,57924.5,15.4,2179.0,120.0,7.0
294,Mahindra Scorpio S5,Mahindra,Diesel,Individual,Manual,First Owner,2019.0,60000.0,16.36,2179.0,120.0,7.0
295,Mahindra Scorpio S7,Mahindra,Diesel,Individual,Manual,First Owner,2018.5,21026.5,16.36,2179.0,120.0,7.0
296,Mahindra Scorpio SLE,Mahindra,Diesel,Individual,Manual,Second Owner,2012.5,100000.0,12.05,2179.0,120.0,8.0
297,Mahindra Scorpio SLX,Mahindra,Diesel,Individual,Manual,Fourth & Above Owner,2007.5,115000.0,11.6,2394.0,120.0,7.5
298,Mahindra Scorpio VLS,Mahindra,Diesel,Individual,Automatic,Third Owner,2009.0,110000.0,11.79,2179.0,120.0,8.0
299,Mahindra Scorpio VLX,Mahindra,Diesel,Individual,Manual,First Owner,2012.0,101903.0,12.05,2179.0,120.0,8.0
300,Mahindra Ssangyong Rexton,Mahindra,Diesel,Individual,Automatic,First Owner,2013.0,117000.0,11.18,2696.0,184.0,7.0
301,Mahindra Supro LX,Mahindra,Diesel,Individual,Manual,First Owner,2018.0,50000.0,23.5,909.0,45.0,8.0
302,Mahindra TUV 300,Mahindra,Diesel,Individual,Manual,First Owner,2016.0,60000.0,18.49,1493.0,100.0,7.0
303,Mahindra Thar 4X4,Mahindra,Diesel,Individual,Manual,First Owner,2014.0,67500.0,16.55,2498.0,105.0,7.0
304,Mahindra Thar CRDe,Mahindra,Diesel,Individual,Manual,First Owner,2018.0,26235.0,16.55,2498.0,105.0,6.0
305,Mahindra Thar DI,Mahindra,Diesel,Individual,Manual,First Owner,2015.5,38000.0,18.06,2523.0,63.0,7.0
306,Mahindra Verito 1.4,Mahindra,Petrol,Individual,Manual,Second Owner,2012.0,110000.0,13.87,1390.0,75.0,5.0
307,Mahindra Verito 1.5,Mahindra,Diesel,Individual,Manual,Second Owner,2012.0,110000.0,21.0,1461.0,65.0,5.0
308,Mahindra Verito 1.6,Mahindra,Petrol,Individual,Manual,First Owner,2013.0,70000.0,13.87,1598.0,86.0,5.0
309,Mahindra Verito Vibe,Mahindra,Diesel,Individual,Manual,First Owner,2014.0,110000.0,20.8,1461.0,64.1,5.0
310,Mahindra XUV300 W6,Mahindra,Diesel,Individual,Manual,First Owner,2019.0,17000.0,20.0,1497.0,115.0,5.0
311,Mahindra XUV300 W8,Mahindra,Petrol,Individual,Manual,First Owner,2019.0,16500.0,17.0,1197.0,110.0,5.0
312,Mahindra XUV500 AT,Mahindra,Diesel,Individual,Automatic,First Owner,2016.0,70000.0,16.0,2179.0,140.0,7.0
313,Mahindra XUV500 W10,Mahindra,Diesel,Individual,Manual,First Owner,2016.0,54000.0,16.0,2179.0,140.0,7.0
314,Mahindra XUV500 W11,Mahindra,Diesel,Individual,Manual,First Owner,2018.5,30000.0,15.1,2179.0,152.87,7.0
315,Mahindra XUV500 W4,Mahindra,Diesel,Individual,Manual,First Owner,2014.0,75000.0,15.1,2179.0,140.0,7.0
316,Mahindra XUV500 W5,Mahindra,Diesel,Individual,Manual,First Owner,2018.0,42432.5,15.1,2179.0,152.87,7.0
317,Mahindra XUV500 W6,Mahindra,Diesel,Individual,Manual,First Owner,2014.0,90500.0,15.1,2179.0,140.0,7.0
318,Mahindra XUV500 W7,Mahindra,Diesel,Individual,Manual,First Owner,2018.0,50000.0,15.1,2179.0,152.87,7.0
319,Mahindra XUV500 W8,Mahindra,Diesel,Individual,Manual,First Owner,2013.0,90000.0,15.1,2179.0,140.0,7.0
320,Mahindra XUV500 W9,Mahindra,Diesel,Individual,Manual,First Owner,2018.0,40000.0,15.55,2179.0,145.435,7.0
321,Mahindra Xylo D2,Mahindra,Diesel,Individual,Manual,First Owner,2011.0,120000.0,13.0,2489.0,95.0,8.0
322,Mahindra Xylo D4,Mahindra,Diesel,Individual,Manual,First Owner,2013.0,118500.0,14.0,2498.0,112.0,8.0
323,Mahindra Xylo E4,Mahindra,Diesel,Individual,Manual,First Owner,2010.0,125000.0,14.0,2498.0,112.0,7.0
324,Mahindra Xylo E6,Mahindra,Diesel,Individual,Manual,Second Owner,2011.0,70000.0,14.0,2498.0,112.0,7.0
325,Mahindra Xylo E8,Mahindra,Diesel,Individual,Manual,Second Owner,2010.0,90000.0,14.0,2498.0,112.0,8.0
326,Mahindra Xylo H4,Mahindra,Diesel,Individual,Manual,Second Owner,2015.0,130000.0,14.02,2179.0,118.3,7.0
327,Mahindra Xylo H9,Mahindra,Diesel,Individual,Manual,Second Owner,2014.5,102500.0,14.02,2179.0,118.3,8.0
328,Maruti 800 AC,Maruti,Petrol,Individual,Manual,Second Owner,2005.0,60000.0,16.1,796.0,37.0,4.0
329,Maruti 800 DX,Maruti,Petrol,Individual,Manual,Second Owner,1998.5,42500.0,16.1,796.0,37.0,4.0
330,Maruti 800 EX,Maruti,Petrol,Individual,Manual,Second Owner,2003.5,78044.0,16.1,796.0,37.0,4.0
331,Maruti 800 Std,Maruti,Petrol,Individual,Manual,First Owner,2003.0,70000.0,16.1,796.0,37.0,4.0
332,Maruti 800 Uniq,Maruti,Petrol,Individual,Manual,Fourth & Above Owner,2010.0,100000.0,14.0,796.0,37.5,5.0
333,Maruti A-Star Lxi,Maruti,Petrol,Individual,Manual,Third Owner,2010.0,59350.0,19.0,998.0,66.1,5.0
334,Maruti A-Star Vxi,Maruti,Petrol,Individual,Manual,First Owner,2010.0,65000.0,19.0,998.0,66.1,5.0
335,Maruti A-Star Zxi,Maruti,Petrol,Individual,Manual,Second Owner,2012.0,98500.0,19.0,998.0,66.1,5.0
336,Maruti Alto 800,Maruti,Petrol,Individual,Manual,First Owner,2016.0,35000.0,22.74,796.0,47.3,5.0
337,Maruti Alto AX,Maruti,Petrol,Individual,Automatic,Second Owner,2005.0,90000.0,19.7,796.0,46.3,5.0
338,Maruti Alto Green,Maruti,CNG,Individual,Manual,Second Owner,2011.0,76150.0,26.83,796.0,38.4,5.0
339,Maruti Alto K10,Maruti,Petrol,Individual,Manual,First Owner,2015.0,40000.0,23.95,998.0,67.05,5.0
340,Maruti Alto LX,Maruti,Petrol,Individual,Manual,Second Owner,2007.0,80000.0,19.7,796.0,46.3,5.0
341,Maruti Alto LXI,Maruti,Petrol,Individual,Manual,Second Owner,2004.0,70000.0,19.7,796.0,46.3,5.0
342,Maruti Alto LXi,Maruti,Petrol,Individual,Manual,First Owner,2009.0,70000.0,19.7,796.0,46.3,5.0
343,Maruti Alto STD,Maruti,Petrol,Individual,Manual,First Owner,2009.0,100000.0,19.7,796.0,46.3,5.0
344,Maruti Alto Std,Maruti,Petrol,Individual,Manual,First Owner,2009.0,70000.0,19.7,796.0,46.3,5.0
345,Maruti Baleno Alpha,Maruti,Diesel,Dealer,Manual,First Owner,2018.0,38817.0,27.39,1248.0,74.0,5.0
346,Maruti Baleno Delta,Maruti,Petrol,Individual,Manual,First Owner,2017.0,30000.0,21.4,1197.0,83.1,5.0
347,Maruti Baleno LXI,Maruti,Petrol,Individual,Manual,Second Owner,2005.0,90000.0,15.4,1590.0,94.0,5.0
348,Maruti Baleno RS,Maruti,Petrol,Individual,Manual,First Owner,2018.0,15000.0,21.1,998.0,100.5,5.0
349,Maruti Baleno Sigma,Maruti,Petrol,Individual,Manual,First Owner,2017.0,32500.0,21.4,1197.0,82.44999999999999,5.0
350,Maruti Baleno Zeta,Maruti,Petrol,Individual,Manual,First Owner,2018.0,24573.5,21.4,1197.0,83.1,5.0
351,Maruti Celerio LDi,Maruti,Diesel,Individual,Manual,First Owner,2015.5,82500.0,27.62,793.0,47.0,5.0
352,Maruti Celerio LXI,Maruti,Petrol,Individual,Manual,First Owner,2014.0,36000.0,23.1,998.0,67.04,5.0
353,Maruti Celerio VDi,Maruti,Diesel,Individual,Manual,Second Owner,2015.5,80586.5,27.62,793.0,47.0,5.0
354,Maruti Celerio VXI,Maruti,Petrol,Individual,Manual,First Owner,2016.0,30000.0,23.1,998.0,67.04,5.0
355,Maruti Celerio VXi,Maruti,Petrol,Dealer,Automatic,First Owner,2019.0,9000.0,21.63,998.0,67.04,5.0
356,Maruti Celerio X,Maruti,Petrol,Individual,Manual,First Owner,2019.0,25000.0,21.63,998.0,67.0,5.0
357,Maruti Celerio ZDi,Maruti,Diesel,Individual,Manual,First Owner,2015.0,32500.0,27.62,793.0,47.0,5.0
358,Maruti Celerio ZXI,Maruti,Petrol,Individual,Manual,First Owner,2017.0,28500.0,23.1,998.0,67.04,5.0
359,Maruti Ciaz 1.3,Maruti,Diesel,Individual,Manual,First Owner,2018.0,28050.0,28.09,1248.0,88.5,5.0
360,Maruti Ciaz 1.4,Maruti,Petrol,Individual,Manual,First Owner,2018.0,26000.0,20.73,1373.0,91.1,5.0
361,Maruti Ciaz AT,Maruti,Petrol,Individual,Automatic,First Owner,2015.0,30000.0,19.12,1373.0,91.1,5.0
362,Maruti Ciaz Alpha,Maruti,Diesel,Individual,Manual,First Owner,2018.5,34000.0,28.09,1248.0,88.5,5.0
363,Maruti Ciaz Delta,Maruti,Petrol,Individual,Manual,Second Owner,2018.0,22000.0,21.56,1462.0,103.25,5.0
364,Maruti Ciaz RS,Maruti,Diesel,Dealer,Manual,First Owner,2016.5,70000.0,28.09,1248.0,88.5,5.0
365,Maruti Ciaz S,Maruti,Diesel,Individual,Manual,First Owner,2017.5,43873.5,28.09,1248.0,88.5,5.0
366,Maruti Ciaz VDI,Maruti,Diesel,Individual,Manual,First Owner,2016.5,75000.0,28.09,1248.0,88.5,5.0
367,Maruti Ciaz VDi,Maruti,Diesel,Individual,Manual,First Owner,2015.0,70000.0,27.15,1248.0,88.5,5.0
368,Maruti Ciaz VXi,Maruti,Petrol,Individual,Manual,First Owner,2015.0,26000.0,20.73,1373.0,91.1,5.0
369,Maruti Ciaz ZDi,Maruti,Diesel,Individual,Manual,First Owner,2015.0,70000.0,28.09,1248.0,88.5,5.0
370,Maruti Ciaz ZXi,Maruti,Petrol,Individual,Manual,First Owner,2015.5,33000.0,20.73,1373.0,91.1,5.0
371,Maruti Ciaz Zeta,Maruti,Petrol,Dealer,Manual,First Owner,2018.0,35750.0,24.369999999999997,1355.0,95.875,5.0
372,Maruti Dzire LXI,Maruti,Petrol,Individual,Manual,First Owner,2020.0,15000.0,23.26,1197.0,88.5,5.0
373,Maruti Dzire VXI,Maruti,Petrol,Individual,Manual,First Owner,2020.0,70000.0,23.26,1197.0,88.5,5.0
374,Maruti Dzire ZXI,Maruti,Petrol,Individual,Manual,First Owner,2020.0,20000.0,23.26,1197.0,88.5,5.0
375,Maruti Eeco 5,Maruti,Petrol,Individual,Manual,First Owner,2016.0,49025.0,15.37,1196.0,73.0,5.0
376,Maruti Eeco 7,Maruti,Petrol,Individual,Manual,Second Owner,2016.0,47000.0,15.37,1196.0,73.0,7.0
377,Maruti Eeco CNG,Maruti,CNG,Individual,Manual,First Owner,2017.0,50000.0,21.94,1196.0,61.7,5.0
378,Maruti Eeco Smiles,Maruti,Petrol,Individual,Manual,Second Owner,2013.0,100000.0,15.1,1196.0,73.0,5.0
379,Maruti Ertiga 1.5,Maruti,Diesel,Individual,Manual,First Owner,2016.0,80500.0,24.2,1498.0,93.87,7.0
380,Maruti Ertiga BSIV,Maruti,Petrol,Individual,Manual,First Owner,2016.5,34500.0,17.5,1373.0,91.1,7.0
381,Maruti Ertiga LDI,Maruti,Diesel,Individual,Manual,First Owner,2012.5,90000.0,20.77,1248.0,88.76,7.0
382,Maruti Ertiga LXI,Maruti,Petrol,Individual,Manual,First Owner,2014.0,80000.0,16.02,1373.0,93.7,7.0
383,Maruti Ertiga SHVS,Maruti,Diesel,Individual,Manual,First Owner,2017.0,66000.0,24.52,1248.0,88.5,7.0
384,Maruti Ertiga VDI,Maruti,Diesel,Individual,Manual,First Owner,2014.0,90000.0,20.77,1248.0,88.76,7.0
385,Maruti Ertiga VXI,Maruti,Petrol,Individual,Manual,First Owner,2014.0,59000.0,16.02,1373.0,93.7,7.0
386,Maruti Ertiga ZDI,Maruti,Diesel,Individual,Manual,First Owner,2014.0,80000.0,20.77,1248.0,88.8,7.0
387,Maruti Ertiga ZXI,Maruti,Petrol,Individual,Manual,First Owner,2015.0,60000.0,16.02,1373.0,93.7,7.0
388,Maruti Esteem AX,Maruti,Petrol,Individual,Automatic,Fourth & Above Owner,1997.0,94000.0,15.9,1298.0,85.0,5.0
389,Maruti Esteem DI,Maruti,Diesel,Individual,Manual,First Owner,2003.0,20000.0,15.9,1527.0,57.0,5.0
390,Maruti Esteem LX,Maruti,Petrol,Individual,Manual,Fourth & Above Owner,1999.0,70000.0,15.9,1298.0,85.0,5.0
391,Maruti Esteem Lxi,Maruti,Petrol,Individual,Manual,Third Owner,2007.0,70000.0,15.9,1298.0,85.0,5.0
392,Maruti Esteem Vxi,Maruti,Petrol,Individual,Manual,Third Owner,2005.0,80000.0,15.9,1298.0,85.0,5.0
393,Maruti Gypsy King,Maruti,Petrol,Individual,Manual,First Owner,2010.0,70000.0,11.96,1298.0,80.0,8.0
394,Maruti Ignis 1.2,Maruti,Petrol,Individual,Manual,First Owner,2018.0,19000.0,20.89,1197.0,81.8,5.0
395,Maruti Ignis 1.3,Maruti,Diesel,Individual,Automatic,First Owner,2017.0,37000.0,26.8,1248.0,74.0,5.0
396,Maruti Ignis Zeta,Maruti,Petrol,Individual,Automatic,First Owner,2020.0,5000.0,20.89,1197.0,81.8,5.0
397,Maruti Omni 5,Maruti,Petrol,Individual,Manual,Second Owner,2011.0,70000.0,14.0,796.0,35.0,5.0
398,Maruti Omni 8,Maruti,Petrol,Individual,Manual,Second Owner,2011.0,66000.0,16.85,796.0,35.0,6.5
399,Maruti Omni E,Maruti,Petrol,Individual,Manual,First Owner,2016.5,40000.0,16.8,796.0,34.2,8.0
400,Maruti Omni LPG,Maruti,LPG,Individual,Manual,Second Owner,2008.5,157000.0,10.9,796.0,32.8,5.0
401,Maruti Omni Limited,Maruti,Petrol,Individual,Manual,First Owner,2013.0,66000.0,14.7,796.0,37.0,8.0
402,Maruti Omni MPI,Maruti,Petrol,Individual,Manual,First Owner,2014.0,48676.0,16.8,796.0,34.2,5.0
403,Maruti Ritz Genus,Maruti,Diesel,Individual,Manual,Second Owner,2010.0,94000.0,21.1,1248.0,75.0,5.0
404,Maruti Ritz LDi,Maruti,Diesel,Individual,Manual,Second Owner,2012.0,120000.0,23.2,1248.0,73.94,5.0
405,Maruti Ritz LXI,Maruti,Petrol,Individual,Manual,Second Owner,2011.0,53000.0,21.1,1197.0,85.8,5.0
406,Maruti Ritz LXi,Maruti,Petrol,Individual,Manual,Second Owner,2016.0,86000.0,18.5,1197.0,85.8,5.0
407,Maruti Ritz VDi,Maruti,Diesel,Individual,Manual,First Owner,2012.0,90000.0,21.1,1248.0,73.9,5.0
408,Maruti Ritz VXI,Maruti,Petrol,Individual,Manual,First Owner,2010.0,40000.0,21.1,1197.0,85.8,5.0
409,Maruti Ritz VXi,Maruti,Petrol,Individual,Manual,First Owner,2012.0,47000.0,18.5,1197.0,85.8,5.0
410,Maruti Ritz ZDi,Maruti,Diesel,Individual,Manual,Second Owner,2013.5,105000.0,23.2,1248.0,73.94,5.0
411,Maruti Ritz ZXi,Maruti,Petrol,Individual,Manual,Second Owner,2012.0,70000.0,18.5,1197.0,85.8,5.0
412,Maruti S-Cross 2017-2020,Maruti,Diesel,Individual,Manual,First Owner,2018.0,32000.0,25.1,1248.0,88.5,5.0
413,Maruti S-Presso VXI,Maruti,Petrol,Individual,Automatic,First Owner,2019.0,5000.0,21.7,998.0,67.0,5.0
414,Maruti SX4 Celebration,Maruti,Diesel,Individual,Manual,First Owner,2011.0,120000.0,21.5,1248.0,88.8,5.0
415,Maruti SX4 Green,Maruti,CNG,Individual,Manual,Second Owner,2010.0,90000.0,21.4,1586.0,103.3,5.0
416,Maruti SX4 S,Maruti,Diesel,Individual,Manual,First Owner,2016.0,52000.0,23.65,1248.0,88.5,5.0
417,Maruti SX4 VDI,Maruti,Diesel,Individual,Manual,Second Owner,2012.0,85000.0,21.5,1248.0,88.8,5.0
418,Maruti SX4 Vxi,Maruti,Petrol,Individual,Manual,Second Owner,2009.0,105000.0,15.0,1586.0,104.68,5.0
419,Maruti SX4 ZDI,Maruti,Diesel,Individual,Manual,Second Owner,2012.0,80000.0,21.5,1248.0,88.8,5.0
420,Maruti SX4 ZXI,Maruti,Petrol,Individual,Automatic,Third Owner,2010.5,65000.0,12.6,1586.0,103.3,5.0
421,Maruti SX4 Zxi,Maruti,Petrol,Individual,Manual,First Owner,2009.0,89000.0,15.0,1586.0,104.68,5.0
422,Maruti Swift 1.2,Maruti,Petrol,Individual,Manual,First Owner,2014.0,80000.0,20.4,1197.0,81.8,5.0
423,Maruti Swift AMT,Maruti,Petrol,Dealer,Automatic,First Owner,2019.0,20000.0,22.0,1197.0,81.8,5.0
424,Maruti Swift DDiS,Maruti,Diesel,Individual,Manual,First Owner,2017.0,49000.0,28.4,1248.0,74.0,5.0
425,Maruti Swift Dzire,Maruti,Diesel,Individual,Manual,First Owner,2015.0,70000.0,23.4,1248.0,74.0,5.0
426,Maruti Swift Glam,Maruti,Petrol,Individual,Manual,Second Owner,2007.0,78000.0,16.1,1298.0,88.2,5.0
427,Maruti Swift LDI,Maruti,Diesel,Individual,Manual,First Owner,2015.0,65000.0,25.2,1248.0,74.0,5.0
428,Maruti Swift LXI,Maruti,Petrol,Individual,Manual,First Owner,2017.0,26000.0,20.4,1197.0,81.8,5.0
429,Maruti Swift LXi,Maruti,Petrol,Dealer,Manual,First Owner,2018.0,28000.0,16.1,1197.0,85.0,5.0
430,Maruti Swift Ldi,Maruti,Diesel,Individual,Manual,First Owner,2008.0,120000.0,17.8,1248.0,75.0,5.0
431,Maruti Swift Lxi,Maruti,Petrol,Individual,Manual,Second Owner,2007.0,136000.0,16.1,1298.0,88.2,5.0
432,Maruti Swift Star,Maruti,Diesel,Individual,Manual,Second Owner,2013.0,95000.0,22.9,1248.0,74.0,5.0
433,Maruti Swift VDI,Maruti,Diesel,Individual,Manual,First Owner,2014.0,71000.0,25.2,1248.0,74.0,5.0
434,Maruti Swift VDi,Maruti,Diesel,Individual,Manual,First Owner,2010.0,89000.0,17.8,1248.0,75.0,5.0
435,Maruti Swift VVT,Maruti,Petrol,Individual,Manual,First Owner,2017.0,22500.0,22.0,1197.0,81.8,5.0
436,Maruti Swift VXI,Maruti,Petrol,Individual,Manual,First Owner,2016.0,30000.0,20.4,1197.0,81.8,5.0
437,Maruti Swift VXi,Maruti,Petrol,Individual,Manual,Second Owner,2007.5,82000.0,16.1,1197.0,85.0,5.0
438,Maruti Swift Vdi,Maruti,Diesel,Individual,Manual,Second Owner,2009.0,120000.0,17.8,1248.0,75.0,5.0
439,Maruti Swift ZDI,Maruti,Diesel,Individual,Manual,Second Owner,2015.0,43978.0,28.4,1248.0,74.0,5.0
440,Maruti Swift ZDi,Maruti,Diesel,Individual,Manual,First Owner,2014.0,90000.0,22.9,1248.0,74.0,5.0
441,Maruti Swift ZXI,Maruti,Petrol,Individual,Manual,First Owner,2013.0,50000.0,18.6,1197.0,85.8,5.0
442,Maruti Vitara Brezza,Maruti,Diesel,Individual,Manual,First Owner,2017.0,50000.0,24.3,1248.0,88.5,5.0
443,Maruti Wagon R,Maruti,Petrol,Individual,Manual,First Owner,2013.0,59500.0,20.51,998.0,67.04,5.0
444,Maruti XL6 Alpha,Maruti,Petrol,Individual,Manual,First Owner,2019.0,15000.0,19.01,1462.0,103.2,6.0
445,Maruti Zen Base,Maruti,Petrol,Individual,Manual,Second Owner,2002.0,80000.0,17.3,993.0,60.0,5.0
446,Maruti Zen Classic,Maruti,Petrol,Individual,Manual,Third Owner,1998.0,80000.0,17.3,993.0,60.0,5.0
447,Maruti Zen D,Maruti,Diesel,Individual,Manual,Second Owner,2003.0,110000.0,20.8,1527.0,58.0,5.0
448,Maruti Zen Estilo,Maruti,Petrol,Individual,Manual,First Owner,2009.0,70000.0,18.2,998.0,67.1,5.0
449,Maruti Zen LX,Maruti,Petrol,Individual,Manual,Second Owner,2002.0,70000.0,17.3,993.0,60.0,5.0
450,Maruti Zen LXI,Maruti,Petrol,Individual,Manual,Second Owner,2003.0,100000.0,17.3,993.0,60.0,5.0
451,Maruti Zen LXi,Maruti,Petrol,Individual,Manual,Second Owner,2004.5,75000.0,17.3,993.0,60.0,5.0
452,Maruti Zen Std,Maruti,Petrol,Individual,Manual,Third Owner,1999.0,100000.0,17.3,993.0,60.0,5.0
453,Maruti Zen VXI,Maruti,Petrol,Individual,Manual,First Owner,2000.5,85500.0,17.3,993.0,60.0,5.0
454,Maruti Zen VXi,Maruti,Petrol,Individual,Manual,Third Owner,2003.0,120000.0,17.3,993.0,60.0,5.0
455,Mercedes-Benz B Class,Mercedes-Benz,Diesel,Dealer,Automatic,Second Owner,2014.5,37500.0,17.25,2143.0,127.4,5.0
456,Mercedes-Benz CLA 200,Mercedes-Benz,Petrol,Dealer,Automatic,First Owner,2018.0,18000.0,15.04,1991.0,183.0,5.0
457,Mercedes-Benz E-Class E,Mercedes-Benz,Petrol,Individual,Automatic,Second Owner,2011.0,77000.0,10.465,2322.5,187.0,5.0
458,Mercedes-Benz E-Class E250,Mercedes-Benz,Diesel,Dealer,Automatic,First Owner,2016.0,37500.0,13.0,2143.0,204.0,5.0
459,Mercedes-Benz E-Class E270,Mercedes-Benz,Diesel,Individual,Automatic,Second Owner,2005.0,120005.0,11.0,2987.0,198.5,5.0
460,Mercedes-Benz E-Class E350,Mercedes-Benz,Petrol,Individual,Automatic,Third Owner,2009.0,80000.0,10.93,3498.0,272.0,5.0
461,Mercedes-Benz E-Class Exclusive,Mercedes-Benz,Petrol,Dealer,Automatic,First Owner,2019.0,17000.0,15.0,1991.0,194.4,5.0
462,Mercedes-Benz GL-Class 220d,Mercedes-Benz,Diesel,Individual,Automatic,First Owner,2018.0,6988.0,17.9,2143.0,170.0,5.0
463,Mercedes-Benz GL-Class 350,Mercedes-Benz,Diesel,Dealer,Automatic,First Owner,2015.0,51500.0,11.65,2987.0,239.4,7.0
464,Mercedes-Benz GLA Class,Mercedes-Benz,Diesel,Individual,Automatic,First Owner,2017.0,31500.0,17.9,2143.0,136.0,5.0
465,Mercedes-Benz M-Class ML,Mercedes-Benz,Diesel,Individual,Automatic,First Owner,2014.0,70000.0,11.74,2987.0,254.8,5.0
466,Mercedes-Benz New C-Class,Mercedes-Benz,Diesel,Individual,Automatic,First Owner,2011.0,54500.0,14.84,2143.0,170.0,5.0
467,Mercedes-Benz S-Class S,Mercedes-Benz,Diesel,Dealer,Automatic,First Owner,2017.0,37000.0,13.5,2987.0,254.79,5.0
468,Mitsubishi Lancer 2,Mitsubishi,Diesel,Individual,Manual,Second Owner,1999.5,159000.0,14.8,1998.0,68.0,5.0
469,Mitsubishi Pajero 2.8,Mitsubishi,Diesel,Individual,Manual,Second Owner,2011.0,120000.0,10.5,2835.0,116.9,6.0
470,Mitsubishi Pajero Sport,Mitsubishi,Diesel,Individual,Manual,First Owner,2015.0,151000.0,13.5,2477.0,175.56,7.0
471,Nissan Kicks XL,Nissan,Petrol,Dealer,Manual,First Owner,2019.0,14317.0,14.23,1498.0,104.55,5.0
472,Nissan Kicks XV,Nissan,Petrol,Trustmark Dealer,Manual,First Owner,2019.0,17266.5,17.34,1479.5,106.525,5.0
473,Nissan Micra Active,Nissan,Petrol,Individual,Manual,First Owner,2015.0,40000.0,19.49,1198.0,67.04,5.0
474,Nissan Micra Diesel,Nissan,Diesel,Individual,Manual,First Owner,2011.5,110000.0,23.08,1461.0,63.1,5.0
475,Nissan Micra Fashion,Nissan,Petrol,Individual,Automatic,First Owner,2017.0,26000.0,19.34,1198.0,76.0,5.0
476,Nissan Micra XE,Nissan,Petrol,Individual,Manual,First Owner,2011.0,110000.0,18.06,1198.0,75.0,5.0
477,Nissan Micra XL,Nissan,Petrol,Individual,Manual,Second Owner,2013.0,39961.0,18.25,1198.0,75.0,5.0
478,Nissan Micra XV,Nissan,Petrol,Individual,Automatic,First Owner,2014.5,55000.0,19.34,1198.0,76.0,5.0
479,Nissan Sunny Diesel,Nissan,Diesel,Individual,Manual,First Owner,2013.0,91000.0,21.64,1461.0,84.8,5.0
480,Nissan Sunny XE,Nissan,Petrol,Individual,Manual,Second Owner,2011.0,25000.0,16.95,1498.0,97.7,5.0
481,Nissan Sunny XL,Nissan,Petrol,Individual,Manual,First Owner,2013.0,70000.0,16.95,1498.0,97.7,5.0
482,Nissan Sunny XV,Nissan,Petrol,Individual,Manual,First Owner,2012.0,61000.0,16.95,1498.0,97.7,5.0
483,Nissan Teana XL,Nissan,Petrol,Individual,Automatic,Second Owner,2014.0,80000.0,11.07,2496.0,179.5,5.0
484,Nissan Terrano XE,Nissan,Diesel,Individual,Manual,First Owner,2015.0,62500.0,20.45,1461.0,83.8,5.0
485,Nissan Terrano XL,Nissan,Diesel,Individual,Manual,First Owner,2015.0,70000.0,20.45,1461.0,83.8,5.0
486,Nissan Terrano XV,Nissan,Diesel,Individual,Manual,Second Owner,2014.0,67550.0,19.01,1461.0,108.5,5.0
487,Opel Astra 1.6,Opel,Petrol,Individual,Manual,Third Owner,1998.0,110000.0,13.1,1598.0,77.0,5.0
488,Renault Captur 1.5,Renault,Diesel,Individual,Manual,First Owner,2017.5,31000.0,20.37,1461.0,108.45,5.0
489,Renault Duster 110PS,Renault,Diesel,Individual,Manual,First Owner,2014.0,90000.0,19.01,1461.0,108.45,5.0
490,Renault Duster 4x4,Renault,Diesel,Individual,Manual,Second Owner,2014.0,130500.0,19.72,1461.0,108.45,5.0
491,Renault Duster 85PS,Renault,Diesel,Individual,Manual,First Owner,2014.0,90000.0,20.45,1461.0,83.8,5.0
492,Renault Duster Adventure,Renault,Diesel,Individual,Manual,First Owner,2014.0,120000.0,19.01,1461.0,108.45,5.0
493,Renault Duster Petrol,Renault,Petrol,Individual,Automatic,First Owner,2018.0,30000.0,14.99,1498.0,104.5,5.0
494,Renault Duster RXL,Renault,Diesel,Individual,Manual,First Owner,2013.0,120000.0,19.01,1461.0,108.45,5.0
495,Renault Duster RXZ,Renault,Diesel,Dealer,Automatic,First Owner,2017.0,20171.0,19.87,1461.0,108.5,5.0
496,Renault Fluence 1.5,Renault,Diesel,Individual,Manual,Second Owner,2013.0,67000.0,20.4,1461.0,108.5,5.0
497,Renault Fluence 2,Renault,Petrol,Dealer,Automatic,First Owner,2011.0,43000.0,13.4,1997.0,135.1,5.0
498,Renault Fluence Diesel,Renault,Diesel,Individual,Manual,Second Owner,2012.0,120000.0,21.8,1461.0,78.0,5.0
499,Renault KWID 1,Renault,Petrol,Individual,Manual,First Owner,2017.0,30000.0,23.01,999.0,67.0,5.0
500,Renault KWID AMT,Renault,Petrol,Individual,Automatic,First Owner,2018.0,30000.0,24.04,999.0,67.0,5.0
501,Renault KWID Climber,Renault,Petrol,Individual,Manual,First Owner,2017.0,35000.0,23.01,999.0,67.0,5.0
502,Renault KWID RXE,Renault,Petrol,Individual,Manual,First Owner,2017.0,5000.0,25.17,799.0,53.3,5.0
503,Renault KWID RXL,Renault,Petrol,Individual,Manual,First Owner,2018.0,30000.0,25.17,799.0,53.3,5.0
504,Renault KWID RXT,Renault,Petrol,Individual,Manual,First Owner,2016.0,29000.0,25.17,799.0,53.3,5.0
505,Renault Koleos 2,Renault,Diesel,Dealer,Automatic,First Owner,2013.0,75010.0,13.73,1995.0,148.0,5.0
506,Renault Lodgy 85PS,Renault,Diesel,Individual,Manual,First Owner,2016.0,65000.0,21.04,1461.0,83.8,8.0
507,Renault Lodgy Stepway,Renault,Diesel,Individual,Manual,First Owner,2016.0,145000.0,20.509999999999998,1461.0,96.15,7.5
508,Renault Lodgy World,Renault,Diesel,Individual,Manual,First Owner,2017.0,65000.0,19.98,1461.0,108.5,8.0
509,Renault Pulse RxL,Renault,Diesel,Individual,Manual,First Owner,2013.0,85000.0,23.08,1461.0,63.12,5.0
510,Renault Pulse RxZ,Renault,Diesel,Individual,Manual,First Owner,2012.0,100000.0,23.08,1461.0,63.11,5.0
511,Renault Scala Diesel,Renault,Diesel,Individual,Manual,First Owner,2013.0,110000.0,21.64,1461.0,84.8,5.0
512,Renault Triber RXT,Renault,Petrol,Individual,Manual,First Owner,2019.0,5000.0,20.0,999.0,72.0,7.0
513,Renault Triber RXZ,Renault,Petrol,Individual,Manual,First Owner,2019.0,5750.0,20.0,999.0,72.0,7.0
514,Skoda Fabia 1.2,Skoda,Diesel,Individual,Manual,Second Owner,2012.0,70000.0,20.86,1199.0,75.0,5.0
515,Skoda Fabia 1.2L,Skoda,Diesel,Individual,Manual,First Owner,2011.0,152500.0,20.86,1199.0,75.0,5.0
516,Skoda Fabia 1.4,Skoda,Diesel,Individual,Manual,Third Owner,2008.0,150000.0,19.4,1422.0,70.0,5.0
517,Skoda Fabia Scout,Skoda,Diesel,Individual,Manual,First Owner,2012.0,110000.0,21.0,1199.0,75.0,5.0
518,Skoda Kodiaq 2,Skoda,Diesel,Dealer,Automatic,First Owner,2018.0,28800.5,16.25,1968.0,148.0,7.0
519,Skoda Laura Ambiente,Skoda,Diesel,Individual,Manual,Second Owner,2010.0,110000.0,17.5,1896.0,106.0,5.0
520,Skoda Octavia Ambiente,Skoda,Diesel,Individual,Manual,Second Owner,2007.0,147500.0,18.7,1896.0,66.0,5.0
521,Skoda Octavia Ambition,Skoda,Diesel,Individual,Manual,First Owner,2014.5,123500.0,20.6,1968.0,141.0,5.0
522,Skoda Octavia Classic,Skoda,Diesel,Individual,Manual,Third Owner,2006.5,152500.0,18.7,1896.0,66.0,5.0
523,Skoda Octavia Elegance,Skoda,Petrol,Dealer,Automatic,Second Owner,2017.0,33000.0,14.7,1798.0,177.5,5.0
524,Skoda Octavia L,Skoda,Diesel,Individual,Manual,Second Owner,2007.0,120000.0,16.6,1896.0,122.4,5.0
525,Skoda Octavia RS,Skoda,Petrol,Individual,Manual,Third Owner,2006.0,120000.0,13.1,1781.0,149.5,5.0
526,Skoda Octavia Rider,Skoda,Diesel,Individual,Manual,Second Owner,2008.0,120000.0,18.7,1896.0,66.0,5.0
527,Skoda Octavia Style,Skoda,Diesel,Dealer,Automatic,First Owner,2019.0,11000.0,19.3,1968.0,141.0,5.0
528,Skoda Rapid 1.5,Skoda,Diesel,Individual,Manual,First Owner,2016.0,78010.0,21.14,1498.0,103.52,5.0
529,Skoda Rapid 1.6,Skoda,Petrol,Dealer,Automatic,First Owner,2016.0,11000.0,14.3,1598.0,103.5,5.0
530,Skoda Rapid Monte,Skoda,Diesel,Individual,Automatic,First Owner,2017.0,40000.0,21.66,1498.0,108.6,5.0
531,Skoda Rapid Ultima,Skoda,Diesel,Individual,Manual,First Owner,2012.0,140000.0,20.5,1598.0,103.5,5.0
532,Skoda Superb Elegance,Skoda,Petrol,Individual,Automatic,First Owner,2013.0,75000.0,15.45,1883.0,147.925,5.0
533,Skoda Superb LK,Skoda,Petrol,Dealer,Automatic,First Owner,2018.0,50000.0,14.67,1798.0,177.46,5.0
534,Skoda Yeti Ambition,Skoda,Diesel,Individual,Manual,First Owner,2011.0,202000.0,17.67,1968.0,138.08,5.0
535,Tata Aria Pleasure,Tata,Diesel,Individual,Manual,Second Owner,2013.0,80000.0,13.7,2179.0,138.1,7.0
536,Tata Aria Prestige,Tata,Diesel,Individual,Manual,Second Owner,2013.0,80000.0,13.7,2197.0,138.1,7.0
537,Tata Aria Pride,Tata,Diesel,Individual,Manual,Third Owner,2012.0,126000.0,13.7,2179.0,138.1,7.0
538,Tata Aria Pure,Tata,Diesel,Individual,Manual,Second Owner,2014.0,78000.0,15.05,2179.0,147.9,7.0
539,Tata Bolt Quadrajet,Tata,Diesel,Individual,Manual,First Owner,2017.0,50000.0,22.95,1248.0,74.0,5.0
540,Tata Bolt Revotron,Tata,Petrol,Individual,Manual,First Owner,2015.0,25000.0,17.57,1193.0,88.7,5.0
541,Tata Harrier XZ,Tata,Diesel,Individual,Manual,First Owner,2019.0,15500.0,17.0,1956.0,152.885,5.0
542,Tata Hexa XE,Tata,Diesel,Individual,Manual,First Owner,2017.5,25750.0,17.6,2179.0,147.94,7.0
543,Tata Hexa XM,Tata,Diesel,Individual,Manual,First Owner,2017.0,35000.0,17.6,2179.0,153.86,7.0
544,Tata Hexa XT,Tata,Diesel,Individual,Manual,First Owner,2018.0,45000.0,17.6,2179.0,153.86,7.0
545,Tata Hexa XTA,Tata,Diesel,Individual,Automatic,First Owner,2017.0,54000.0,17.6,2179.0,153.86,7.0
546,Tata Indica GLS,Tata,Petrol,Individual,Manual,Second Owner,2007.0,80000.0,15.3,1193.0,65.3,5.0
547,Tata Indica V2,Tata,Diesel,Individual,Manual,Second Owner,2008.0,95000.0,17.2,1396.0,62.0,5.0
548,Tata Indica Vista,Tata,Diesel,Individual,Manual,First Owner,2012.0,110000.0,19.1,1405.0,71.0,5.0
549,Tata Indigo CR4,Tata,Diesel,Individual,Manual,First Owner,2012.0,77160.5,23.57,1396.0,70.0,5.0
550,Tata Indigo CS,Tata,Diesel,Individual,Manual,First Owner,2013.0,85000.0,19.09,1396.0,69.0,5.0
551,Tata Indigo GLS,Tata,Petrol,Individual,Manual,Second Owner,2005.0,74000.0,12.8,1396.0,85.0,5.0
552,Tata Indigo GLX,Tata,Petrol,Individual,Manual,First Owner,2008.0,120000.0,12.8,1396.0,85.0,5.0
553,Tata Indigo Grand,Tata,Diesel,Individual,Manual,Third Owner,2007.5,65000.0,18.21,1396.0,84.8,5.0
554,Tata Indigo LS,Tata,Diesel,Individual,Manual,Second Owner,2008.0,120000.0,17.0,1405.0,70.0,5.0
555,Tata Indigo LX,Tata,Diesel,Individual,Manual,First Owner,2008.0,90000.0,17.0,1405.0,70.0,5.0
556,Tata Indigo TDI,Tata,Diesel,Individual,Manual,First Owner,2010.0,100000.0,19.61,1405.0,70.0,5.0
557,Tata Indigo V,Tata,Diesel,Individual,Manual,First Owner,2012.0,50000.0,17.0,1405.0,70.0,5.0
558,Tata Indigo VS,Tata,Diesel,Individual,Manual,Second Owner,2012.0,120000.0,17.8,1405.0,70.0,5.0
559,Tata Indigo eCS,Tata,Diesel,Individual,Manual,First Owner,2012.0,75000.0,23.03,1396.0,69.0,5.0
560,Tata Manza Aqua,Tata,Diesel,Individual,Manual,Second Owner,2010.0,88671.5,19.96,1248.0,89.4,5.0
561,Tata Manza Aura,Tata,Diesel,Individual,Manual,First Owner,2010.0,100000.0,18.8,1248.0,90.0,5.0
562,Tata Manza Club,Tata,Diesel,Individual,Manual,First Owner,2013.0,80000.0,21.02,1248.0,88.76,5.0
563,Tata Manza ELAN,Tata,Diesel,Individual,Manual,First Owner,2011.0,70000.0,19.0,1248.0,90.0,5.0
564,Tata Nano CX,Tata,Petrol,Individual,Manual,First Owner,2013.0,30000.0,25.4,624.0,37.48,4.0
565,Tata Nano Cx,Tata,Petrol,Individual,Manual,First Owner,2011.0,40000.0,26.0,624.0,35.0,4.0
566,Tata Nano LX,Tata,Petrol,Individual,Manual,First Owner,2013.5,44000.0,25.4,624.0,37.489999999999995,4.0
567,Tata Nano Lx,Tata,Petrol,Individual,Manual,First Owner,2011.0,40000.0,25.4,624.0,37.48,4.0
568,Tata Nano STD,Tata,Petrol,Dealer,Manual,First Owner,2012.0,18000.0,25.4,624.0,37.5,4.0
569,Tata Nano Twist,Tata,Petrol,Individual,Manual,First Owner,2015.0,25000.0,25.4,624.0,37.5,4.0
570,Tata Nano XE,Tata,Petrol,Individual,Manual,Third Owner,2016.0,65000.0,23.9,624.0,37.48,4.0
571,Tata Nano XTA,Tata,Petrol,Individual,Automatic,First Owner,2016.0,22000.0,21.9,624.0,37.48,4.0
572,Tata New Safari,Tata,Diesel,Individual,Manual,Second Owner,2010.0,110000.0,13.93,2179.0,138.1,7.0
573,Tata Nexon 1.2,Tata,Petrol,Individual,Manual,First Owner,2018.0,22500.0,17.0,1198.0,108.5,5.0
574,Tata Nexon 1.5,Tata,Diesel,Individual,Manual,First Owner,2018.0,30000.0,21.5,1497.0,108.5,5.0
575,Tata Safari DICOR,Tata,Diesel,Individual,Manual,First Owner,2011.5,80000.0,13.93,2179.0,138.03,7.0
576,Tata Safari Storme,Tata,Diesel,Individual,Manual,First Owner,2015.0,110000.0,14.1,2179.0,147.94,7.0
577,Tata Spacio Gold-10/6,Tata,Diesel,Individual,Manual,Third Owner,2007.0,120000.0,14.6,2956.0,63.0,10.0
578,Tata Sumo CX,Tata,Diesel,Individual,Manual,First Owner,2011.0,120000.0,12.2,1948.0,68.0,9.0
579,Tata Sumo EX,Tata,Diesel,Individual,Manual,First Owner,2012.0,67500.0,12.3,1948.0,83.8,9.0
580,Tata Sumo GX,Tata,Diesel,Individual,Manual,Third Owner,2008.0,80000.0,14.4,2179.0,83.8,7.0
581,Tata Sumo Gold,Tata,Diesel,Individual,Manual,First Owner,2014.5,110600.0,15.3,2956.0,83.83,7.0
582,Tata Sumo MKII,Tata,Diesel,Individual,Manual,Second Owner,2011.0,90000.0,14.0,2179.0,118.35,8.0
583,Tata Sumo SE,Tata,Diesel,Individual,Manual,Fourth & Above Owner,2001.0,120000.0,13.135,2452.0,75.55,8.5
584,Tata Tiago 1.05,Tata,Diesel,Individual,Manual,First Owner,2017.0,70000.0,27.28,1047.0,69.0,5.0
585,Tata Tiago 1.2,Tata,Petrol,Individual,Manual,First Owner,2017.0,29000.0,23.84,1199.0,84.0,5.0
586,Tata Tiago 2019-2020,Tata,Petrol,Individual,Manual,First Owner,2019.0,3500.0,23.84,1199.0,83.83,5.0
587,Tata Tiago NRG,Tata,Petrol,Individual,Manual,First Owner,2019.0,10000.0,24.0,1199.0,83.81,5.0
588,Tata Tiago Wizz,Tata,Diesel,Individual,Manual,First Owner,2017.0,120000.0,27.28,1047.0,69.0,5.0
589,Tata Tiago XT,Tata,Petrol,Dealer,Manual,First Owner,2018.0,33928.0,23.84,1199.0,84.48,5.0
590,Tata Tigor 1.05,Tata,Diesel,Individual,Manual,First Owner,2017.0,50000.0,24.7,1047.0,69.0,5.0
591,Tata Tigor 1.2,Tata,Petrol,Individual,Manual,First Owner,2018.0,25000.0,20.3,1199.0,84.0,5.0
592,Tata Tigor 2017-2020,Tata,Petrol,Individual,Manual,First Owner,2019.0,20000.0,20.3,1199.0,83.81,5.0
593,Tata Venture EX,Tata,Diesel,Individual,Manual,First Owner,2012.0,90000.0,15.42,1405.0,70.0,7.0
594,Tata Venture LX,Tata,Diesel,Individual,Manual,Third Owner,2013.0,120000.0,15.42,1405.0,70.0,7.0
595,Tata Winger Deluxe,Tata,Diesel,Individual,Manual,First Owner,2010.0,50000.0,10.71,1948.0,90.0,14.0
596,Tata Xenon XT,Tata,Diesel,Individual,Manual,Second Owner,2014.5,85000.0,13.49,2179.0,138.03,5.0
597,Tata Zest Quadrajet,Tata,Diesel,Individual,Manual,First Owner,2016.0,70000.0,22.95,1248.0,88.7,5.0
598,Tata Zest Revotron,Tata,Petrol,Individual,Manual,First Owner,2017.0,40000.0,17.57,1193.0,88.7,5.0
599,Toyota Camry 2.5,Toyota,Petrol,Trustmark Dealer,Automatic,First Owner,2016.0,68089.0,19.16,2494.0,157.7,5.0
600,Toyota Camry V4,Toyota,Petrol,Individual,Manual,Second Owner,2004.0,120000.0,13.4,2362.0,164.7,5.0
601,Toyota Camry W4,Toyota,Petrol,Dealer,Automatic,First Owner,2009.0,71000.0,12.1,2362.0,164.7,5.0
602,Toyota Corolla AE,Toyota,Petrol,Individual,Manual,Second Owner,2004.0,95000.0,13.4,1794.0,125.0,5.0
603,Toyota Corolla Altis,Toyota,Petrol,Individual,Manual,First Owner,2012.0,70000.0,14.53,1794.0,138.015,5.0
604,Toyota Corolla DX,Toyota,Petrol,Individual,Manual,Second Owner,2005.0,96000.0,13.4,1794.0,125.0,5.0
605,Toyota Corolla H2,Toyota,Petrol,Individual,Manual,Second Owner,2007.0,75000.0,13.4,1794.0,125.0,5.0
606,Toyota Etios 1.4,Toyota,Diesel,Individual,Manual,Second Owner,2017.0,120000.0,23.59,1364.0,67.04,5.0
607,Toyota Etios 1.5,Toyota,Petrol,Dealer,Manual,First Owner,2011.0,45500.0,16.78,1496.0,88.73,5.0
608,Toyota Etios Cross,Toyota,Petrol,Individual,Manual,First Owner,2014.5,40500.0,20.875,1280.5,72.93,5.0
609,Toyota Etios Diesel,Toyota,Diesel,Individual,Manual,Second Owner,2012.0,105000.0,23.59,1364.0,67.1,5.0
610,Toyota Etios G,Toyota,Petrol,Individual,Manual,First Owner,2012.0,86000.0,17.19,1496.0,88.73,5.0
611,Toyota Etios GD,Toyota,Diesel,Individual,Manual,Second Owner,2015.0,120000.0,23.59,1364.0,67.05,5.0
612,Toyota Etios Liva,Toyota,Diesel,Individual,Manual,First Owner,2014.0,70000.0,23.59,1364.0,67.04,5.0
613,Toyota Etios VD,Toyota,Diesel,Individual,Manual,Second Owner,2015.0,120000.0,23.59,1364.0,67.05,5.0
614,Toyota Etios VX,Toyota,Petrol,Trustmark Dealer,Manual,First Owner,2017.0,25538.0,16.78,1496.0,88.73,5.0
615,Toyota Etios VXD,Toyota,Diesel,Individual,Manual,First Owner,2011.0,95000.0,23.59,1364.0,67.1,5.0
616,Toyota Fortuner 2.5,Toyota,Diesel,Individual,Manual,First Owner,2015.0,120000.0,13.0,2494.0,142.0,7.0
617,Toyota Fortuner 2.8,Toyota,Diesel,Individual,Automatic,First Owner,2018.0,50000.0,14.24,2755.0,174.5,7.0
618,Toyota Fortuner 3,Toyota,Diesel,Individual,Manual,Second Owner,2010.0,139813.5,11.5,2982.0,171.0,7.0
619,Toyota Fortuner 4x2,Toyota,Diesel,Individual,Automatic,First Owner,2015.0,91000.0,12.55,2982.0,168.5,7.0
620,Toyota Fortuner 4x4,Toyota,Diesel,Individual,Manual,First Owner,2015.0,68500.0,12.55,2982.0,168.5,7.0
621,Toyota Glanza G,Toyota,Petrol,Individual,Automatic,First Owner,2019.0,7500.0,21.715,1197.0,85.15,5.0
622,Toyota Glanza V,Toyota,Petrol,Dealer,Automatic,First Owner,2019.0,9654.0,19.56,1197.0,81.8,5.0
623,Toyota Innova 2.5,Toyota,Diesel,Individual,Manual,Second Owner,2013.0,120000.0,12.99,2494.0,100.6,7.0
624,Toyota Innova Crysta,Toyota,Diesel,Individual,Manual,First Owner,2017.0,42163.0,13.24,2443.5,147.8,7.0
625,Toyota Land Cruiser,Toyota,Diesel,Individual,Automatic,First Owner,2014.0,60000.0,11.0,2982.0,170.3,7.0
626,Toyota Platinum Etios,Toyota,Diesel,Individual,Manual,First Owner,2018.0,116000.0,23.59,1364.0,67.05,5.0
627,Toyota Qualis FS,Toyota,Diesel,Individual,Manual,First Owner,2002.0,290000.0,13.1,2446.0,75.0,10.0
628,Toyota Yaris V,Toyota,Petrol,Trustmark Dealer,Manual,First Owner,2018.0,5229.0,17.1,1496.0,105.5,5.0
629,Volkswagen Ameo 1,Volkswagen,Petrol,Individual,Manual,First Owner,2019.0,20000.0,19.44,999.0,75.0,5.0
630,Volkswagen Ameo 1.2,Volkswagen,Petrol,Individual,Manual,First Owner,2016.0,20000.0,17.0,1198.0,73.75,5.0
631,Volkswagen Ameo 1.5,Volkswagen,Diesel,Individual,Manual,First Owner,2017.0,40000.0,21.66,1498.0,108.62,5.0
632,Volkswagen CrossPolo 1.5,Volkswagen,Diesel,Individual,Manual,Second Owner,2013.5,77000.0,20.14,1498.0,88.5,5.0
633,Volkswagen GTI 1.8,Volkswagen,Petrol,Individual,Automatic,First Owner,2016.0,70000.0,16.34,1798.0,189.3,5.0
634,Volkswagen Jetta 1.6,Volkswagen,Petrol,Individual,Manual,Second Owner,2010.0,80000.0,14.0,1595.0,102.0,5.0
635,Volkswagen Jetta 2,Volkswagen,Diesel,Individual,Manual,First Owner,2010.0,100000.0,15.0,1896.0,105.0,5.0
636,Volkswagen Jetta 2.0L,Volkswagen,Diesel,Individual,Automatic,Second Owner,2013.0,97000.0,16.96,1968.0,138.1,5.0
637,Volkswagen Passat 1.8,Volkswagen,Petrol,Individual,Manual,First Owner,2010.0,117000.0,14.3,1798.0,160.0,5.0
638,Volkswagen Passat 2,Volkswagen,Diesel,Dealer,Automatic,First Owner,2012.0,108000.0,17.42,1968.0,175.0,5.0
639,Volkswagen Passat Highline,Volkswagen,Diesel,Individual,Automatic,First Owner,2010.0,90550.0,14.3,1968.0,140.0,5.0
640,Volkswagen Polo 1,Volkswagen,Petrol,Individual,Manual,First Owner,2019.5,6000.0,18.509999999999998,999.0,91.8,5.0
641,Volkswagen Polo 1.2,Volkswagen,Petrol,Individual,Manual,First Owner,2016.0,40000.0,16.2,1199.0,74.0,5.0
642,Volkswagen Polo 1.5,Volkswagen,Diesel,Individual,Manual,First Owner,2015.0,63000.0,20.14,1498.0,88.8,5.0
643,Volkswagen Polo 2015-2019,Volkswagen,Petrol,Individual,Manual,First Owner,2018.0,17000.0,18.78,999.0,75.0,5.0
644,Volkswagen Polo Diesel,Volkswagen,Diesel,Individual,Manual,Second Owner,2012.0,80000.0,22.07,1199.0,73.9,5.0
645,Volkswagen Polo GT,Volkswagen,Diesel,Individual,Manual,Second Owner,2013.5,74500.0,17.205,1397.5,103.6,5.0
646,Volkswagen Polo Petrol,Volkswagen,Petrol,Individual,Manual,First Owner,2012.0,59122.5,16.47,1198.0,73.9,5.0
647,Volkswagen Polo Select,Volkswagen,Diesel,Individual,Manual,First Owner,2013.0,47250.0,18.305,1348.0,81.35,5.0
648,Volkswagen Vento 1.5,Volkswagen,Diesel,Individual,Automatic,First Owner,2016.0,74000.0,22.15,1498.0,108.6,5.0
649,Volkswagen Vento 1.6,Volkswagen,Petrol,Individual,Manual,Second Owner,2014.0,70000.0,15.04,1598.0,103.2,5.0
650,Volkswagen Vento Diesel,Volkswagen,Diesel,Individual,Manual,Second Owner,2011.0,100000.0,20.54,1598.0,103.6,5.0
651,Volkswagen Vento IPL,Volkswagen,Diesel,Individual,Manual,Second Owner,2011.0,66000.0,20.5,1598.0,105.0,5.0
652,Volkswagen Vento Konekt,Volkswagen,Diesel,Individual,Manual,First Owner,2014.0,90000.0,20.54,1598.0,103.6,5.0
653,Volkswagen Vento Petrol,Volkswagen,Petrol,Individual,Manual,Second Owner,2011.0,60000.0,15.04,1598.0,103.6,5.0
654,Volvo S60 D4,Volvo,Diesel,Dealer,Automatic,First Owner,2015.0,39000.0,9.0,1984.0,181.0,5.0
655,Volvo S90 D4,Volvo,Diesel,Individual,Automatic,First Owner,2019.0,17000.0,18.0,1969.0,190.0,5.0
656,Volvo V40 Cross,Volvo,Diesel,Individual,Automatic,Second Owner,2013.0,72500.0,23.3,1984.0,150.0,5.0
657,Volvo V40 D3,Volvo,Diesel,Dealer,Automatic,First Owner,2018.0,2000.0,16.8,1984.0,150.0,5.0
658,Volvo XC40 D4,Volvo,Diesel,Individual,Automatic,First Owner,2019.0,20000.0,18.0,1969.0,190.0,5.0
659,Volvo XC60 Inscription,Volvo,Diesel,Individual,Automatic,First Owner,2018.0,50000.0,11.2,1969.0,235.0,5.0
660,Volvo XC90 T8,Volvo,Petrol,Individual,Automatic,First Owner,2017.0,30000.0,42.0,1969.0,400.0,4.0
